MaGD,MaKH,NgayGD,GioGD,LoaiGD,SoTien,ChiNhanh,KenhGD,TrangThai,GhiChu
GD000508,KH0124,2024-02-17,16:16,Mua ngoại tệ,165717229,Hà Nội,Mobile App,Thành công,
GD000082,KH0198,2024-01-08,16:04,Nạp tiền,20738329,Khánh Hòa,ATM,Thành công,
GD000091,KH0033,2024-01-24,13:07,Chuyển khoản,154100866,Đồng Nai,Internet Banking,Thành công,
GD000193,KH0095,2024-06-30,16:02,Chuyển khoản,58005231,Nghệ An,POS,Thành công,
GD000474,KH0133,2024-06-02,17:27,Rút tiền,165478158,Đồng Nai,POS,Thành công,
GD000568,KH0177,2024-05-09,08:19,Nạp tiền,125208643,Thanh Hóa,ATM,Thành công,
GD000034,KH0178,2024-03-01,12:10,Thanh toán hóa đơn,188909652,Cần Thơ,Quầy giao dịch,Thành công,
GD000388,KH0183,2024-05-17,17:10,Nạp tiền,169398928,Đồng Nai,Mobile App,Thành công,
GD000128,KH0124,2024-05-04,08:04,Nạp tiền,-4502491,Thanh Hóa,Quầy giao dịch,Thành công,
GD000875,KH0045,2024-01-11,08:51,Mua ngoại tệ,133437140,Đồng Nai,ATM,Thành công,
GD000189,KH0035,2024-03-05,15:35,Nạp tiền,152172839,Đà Nẵng,ATM,Thành công,Thanh toán tiền điện
GD000240,KH0149,2024-03-20,16:49,Chuyển khoản,126008611,,Quầy giao dịch,Thành công,
GD000906,KH0054,2024-05-16,15:38,Mua ngoại tệ,148352822,HÀ NỘI,Quầy giao dịch,Thành công,
GD000252,KH0075,2024-06-14,14:42,Rút tiền,28710321,Bình Dương,ATM,Thành công,
GD000529,KH0071,2024-06-05,15:11,Nạp tiền,132906472,Đà Nẵng,POS,Thành công,
GD000922,KH0144,2024-06-05,12:00,Chuyển khoản,138753327,Đà Nẵng,ATM,Thành công,
GD000144,KH0043,2024-05-17,11:42,Rút tiền,27947641,Hải Phòng,ATM,Thành công,
GD000270,KH0029,2024-06-27,11:33,Chuyển khoản,145390338,Đà Nẵng,Internet Banking,Thành công,
GD000315,KH0033,2024-05-07,13:59,Thanh toán hóa đơn,164582564,Cần Thơ,Mobile App,Thành công,
GD000987,KH0148,2024-06-20,16:37,Nạp tiền,2191066,Thanh Hóa,Mobile App,Đang xử lý,
GD000402,KH0110,2024-03-27,13:52,Rút tiền,101635559,,Quầy giao dịch,Thành công,
GD000821,KH0046,2024-06-10,15:41,Thanh toán hóa đơn,98931168,Hải Phòng,ATM,Thành công,
GD000338,KH0073,2024-02-24,16:21,Rút tiền,144987064,Thanh Hóa,Quầy giao dịch,Thành công,
GD000859,KH0029,2024-04-27,10:13,Mua ngoại tệ,6181220,Đà Nẵng,POS,Thành công,
GD000888,KH0143,2024-05-10,08:58,Rút tiền,81141175,Khánh Hòa,Internet Banking,Thành công,
GD000301,KH0017,2024-06-11,12:41,Rút tiền,108998809,Hải Phòng,Mobile App,Thành công,
GD000132,KH0184,2024-06-17,09:48,Rút tiền,1262655145,Cần Thơ,Internet Banking,Thành công,
GD000692,KH0037,16/03/2024,14:05,Nạp tiền,39675031,Khánh Hòa,POS,Thành công,Lương tháng 3
GD000262,KH0050,2024-06-10,13:08,Chuyển khoản,36691842,Hà Nội,Mobile App,Thành công,
GD000403,KH0036,2024-01-07,12:44,Rút tiền,176915707,Khánh Hòa,Internet Banking,Thất bại,
GD000427,KH0196,2024-05-14,13:53,Rút tiền,113523644,Khánh Hòa,Internet Banking,Thành công,
GD000080,KH0131,2024-02-22,13:25,Mua ngoại tệ,182869493,Hà Nội,Mobile App,Thành công,
GD000238,KH0109,2024-06-08,16:52,Thanh toán hóa đơn,114073827,THANH HÓA,Mobile App,Thành công,Chuyển tiền cho người thân
GD000930,KH0153,2024-01-09,13:06,Chuyển khoản,196174278,TP. Hồ Chí Minh,Mobile App,Thành công,
GD000234,KH0098,2024-03-24,09:13,Rút tiền,170810603,TP. Hồ Chí Minh,ATM,Thành công,
GD000601,KH0017,2024-03-28,10:17,Mua ngoại tệ,174532151,Hải Phòng,Internet Banking,Thành công,
GD000608,KH0050,2024-04-11,17:42,Rút tiền,127228061,Thanh Hóa,Quầy giao dịch,Thành công,
GD000257,KH0005,2024-05-04,22:45,Mua ngoại tệ,127828624,Đà Nẵng,POS,Thành công,
GD000867,KH0006,2024-04-15,12:33,Chuyển khoản,42623445,TP. Hồ Chí Minh,,Đang xử lý,
GD000035,KH0156,2024-04-05,15:48,Mua ngoại tệ,66478495,Thanh Hóa,ATM,Thành công,
GD000451,KH0099,2024-04-17,15:34,Mua ngoại tệ,156001319,Đồng Nai,Mobile App,Đang xử lý,
GD000530,KH0113,2024-05-28,11:03,Nạp tiền,-3063989,Nghệ An,Quầy giao dịch,Thành công,
GD000655,KH0169,2024-06-30,16:05,Nạp tiền,188546962,Nghệ An,Mobile App,Thành công,
GD000484,KH0027,2024-05-23,09:36,Thanh toán hóa đơn,85981937,Hải Phòng,ATM,Thành công,
GD000360,KH0088,2024-01-14,11:04,Mua ngoại tệ,167915779,Khánh Hòa,Internet Banking,Thành công,
GD000282,KH0025,2024-05-16,08:08,Mua ngoại tệ,110643932,Bình Dương,Mobile App,Thành công,
GD000404,KH0012,2024-03-24,15:25,Mua ngoại tệ,127858002,Hà Nội,Mobile App,Thành công,
GD000123,KH0162,2024-01-03,16:17,Mua ngoại tệ,28212700,Nghệ An,Internet Banking,Thành công,
GD000471,KH0046,2024-04-27,17:10,Mua ngoại tệ,177111530,Đồng Nai,Internet Banking,Thành công,
GD000677,KH0052,2024-04-30,12:44,Thanh toán hóa đơn,114004669,Đồng Nai,Quầy giao dịch,Thành công,
GD000390,KH0159,2024-01-21,12:12,Rút tiền,63954809,Thanh Hóa,Quầy giao dịch,Thành công,
GD000555,KH0054,2024-05-23,13:41,Rút tiền,138141550,Nghệ An,Internet Banking,Thành công,Lương tháng 5
GD000314,KH0098,2024-03-18,10:57,Mua ngoại tệ,45648190,Nghệ An,ATM,Thành công,Chuyển tiền cho người thân
GD000347,KH0022,2024-05-16,08:31,Chuyển khoản,6507735,Nghệ An,Internet Banking,Thành công,
GD000449,KH0160,2024-03-14,15:42,Nạp tiền,190989932,Hà Nội,Mobile App,Thành công,
GD000423,KH0137,2024-05-21,15:37,Rút tiền,191504251,Đà Nẵng,POS,Thành công,
GD000751,KH0039,2024-05-18,10:03,Chuyển khoản,78278272,Bình Dương,Quầy giao dịch,Thành công,Lương tháng 5
GD000781,KH0070,2024-05-30,17:36,Mua ngoại tệ,167719947,Hải Phòng,Quầy giao dịch,Thành công,
GD000879,KH0147,2024-05-11,17:28,Rút tiền,119357967,TP. Hồ Chí Minh,POS,Thành công,
GD000710,KH0184,2024-01-01,09:31,Rút tiền,82340481,Hải Phòng,Mobile App,Thành công,Chuyển tiền cho người thân
GD000236,KH0001,2024-06-29,09:55,Nạp tiền,188551251,Thanh Hóa,ATM,Thành công,Lương tháng 6
GD000383,KH0191,2024-04-12,08:16,Chuyển khoản,179981097,Khánh Hòa,POS,Thành công,
GD000196,KH0186,2024-01-09,16:08,Nạp tiền,976498065,Hải Phòng,Quầy giao dịch,Thành công,Trả nợ vay
GD000634,KH0053,2024-04-23,13:00,Chuyển khoản,168773960,Thanh Hóa,Quầy giao dịch,Thành công,
GD000271,KH0166,2024-03-26,13:31,Mua ngoại tệ,147278448,Khánh Hòa,Quầy giao dịch,Thành công,
GD000470,KH0049,2024-06-22,13:01,Nạp tiền,33536075,Khánh Hòa,ATM,Thành công,
GD000004,KH0116,2024-03-30,14:32,Nạp tiền,100689854,HẢI PHÒNG,Quầy giao dịch,Thành công,
GD000832,KH0009,2024-06-03,16:27,Mua ngoại tệ,78397614,Đà Nẵng,POS,Thành công,
GD000507,KH0185,2024-01-02,11:07,Chuyển khoản,1796630570,Hà Nội,Internet Banking,Thành công,Trả nợ vay
GD000096,KH0057,2024-01-06,02:12,Rút tiền,86912711,TP. HỒ CHÍ MINH,Mobile App,Thành công,
GD000805,KH0086,2024-04-30,12:52,Mua ngoại tệ,111587858,TP. Hồ Chí Minh,ATM,Thành công,
GD000493,KH0104,2024-02-15,15:33,Thanh toán hóa đơn,66875461,Hà Nội,Internet Banking,Thành công,
GD000216,KH0187,2024-04-24,10:12,Chuyển khoản,123165950,Khánh Hòa,Internet Banking,Thành công,
GD000049,KH0173,2024-04-20,09:58,Chuyển khoản,166421152,Nghệ An,ATM,Thành công,
GD000389,KH0124,2024-01-18,17:28,Thanh toán hóa đơn,135185788,  Thanh Hóa  ,Internet Banking,Thành công,
GD000038,KH0096,2024-04-07,14:24,Chuyển khoản,144817312,Đà Nẵng,Mobile App,Thành công,
GD000893,KH0143,2024-04-11,14:45,Rút tiền,88003909,Bình Dương,Internet Banking,Thành công,Lương tháng 4
GD000011,KH0090,24/04/2024,13:39,Thanh toán hóa đơn,15446939,Hà Nội,POS,Thành công,
GD000946,KH0132,2024-02-05,10:00,Chuyển khoản,79116467,Nghệ An,Mobile App,Thành công,
GD000525,KH0099,06/05/2024,15:02,Rút tiền,115768489,Nghệ An,POS,Thành công,
GD000599,KH0076,2024-02-09,10:38,Nạp tiền,61231280,TP. Hồ Chí Minh,Mobile App,Thành công,
GD000009,KH0080,2024-05-11,15:16,Chuyển khoản,95874525,TP. Hồ Chí Minh,Internet Banking,Thành công,
GD000706,KH0142,2024-05-18,13:26,Rút tiền,93314441,Cần Thơ,ATM,Thành công,
GD000179,KH0100,2024-03-20,15:40,Rút tiền,7719549,TP. Hồ Chí Minh,Quầy giao dịch,Thành công,
GD000371,KH0052,2024-04-25,12:27,Thanh toán hóa đơn,100473679,Cần Thơ,Internet Banking,Thành công,
GD000460,KH0168,2024-02-06,16:33,Mua ngoại tệ,91697968,Khánh Hòa,Quầy giao dịch,Đang xử lý,
GD000591,KH0176,2024-06-11,16:34,Thanh toán hóa đơn,124580951,,Mobile App,Thành công,
GD000573,KH0086,2024-03-27,13:19,Rút tiền,5888462,Khánh Hòa,POS,Thành công,
GD000927,KH0104,2024-02-26,12:13,Nạp tiền,64999724,Bình Dương,POS,Thành công,
GD000799,KH0011,2024-04-09,14:10,Nạp tiền,78060535,TP. Hồ Chí Minh,Quầy giao dịch,Thành công,
GD000502,KH0021,2024-03-15,13:15,Thanh toán hóa đơn,26393904,Cần Thơ,Mobile App,Thành công,
GD000750,KH0031,2024-03-19,15:59,Thanh toán hóa đơn,63162217,Cần Thơ,Quầy giao dịch,Thành công,Chuyển tiền cho người thân
GD000318,KH0174,2024-01-25,09:25,Nạp tiền,86899161,ĐÀ NẴNG,ATM,Thất bại,
GD000040,KH0062,2024-02-22,15:38,Chuyển khoản,117883183,Hải Phòng,Internet Banking,Thành công,
GD000353,KH0070,2024-03-03,11:29,Mua ngoại tệ,35946731,  TP. Hồ Chí Minh  ,Internet Banking,Thành công,
GD000717,KH0178,2024-04-04,15:02,Nạp tiền,18018680,Hà Nội,Quầy giao dịch,Thành công,Chuyển tiền cho người thân
GD000410,KH0075,2024-06-29,13:09,Rút tiền,60467232,TP. Hồ Chí Minh,ATM,Thành công,Chuyển tiền cho người thân
GD000936,KH0045,2024-05-19,11:58,Nạp tiền,12318737,Bình Dương,ATM,Thành công,
GD000979,KH0167,2024-05-19,11:40,Mua ngoại tệ,82934114,Hải Phòng,ATM,Thành công,
GD000263,KH0157,2024-02-13,11:05,Thanh toán hóa đơn,58150869,Thanh Hóa,Internet Banking,Thành công,
GD000732,KH0139,2024-03-10,14:50,Mua ngoại tệ,-4357716,Thanh Hóa,Mobile App,Thành công,
GD000268,KH0139,2024-01-30,17:55,Rút tiền,86073850,Bình Dương,ATM,Thành công,
GD000804,KH0105,2024-05-21,08:00,Rút tiền,-346610,Thanh Hóa,Internet Banking,Thất bại,
GD000381,KH0188,2024-04-20,10:44,Mua ngoại tệ,11771091,Hải Phòng,POS,Thành công,
GD000281,KH0092,2024-01-13,09:32,Rút tiền,25419472,Thanh Hóa,Quầy giao dịch,Thành công,
GD000730,KH0099,2024-02-22,10:05,Mua ngoại tệ,72454868,Khánh Hòa,ATM,Thành công,
GD000227,KH0023,2024-03-26,16:49,Nạp tiền,171540218,Hải Phòng,Quầy giao dịch,Thành công,Chuyển tiền cho người thân
GD000491,KH0099,2024-04-25,14:12,Chuyển khoản,82499085,Thanh Hóa,Internet Banking,Thành công,Lương tháng 4
GD000594,KH0052,2024-03-23,08:13,Mua ngoại tệ,161983416,Khánh Hòa,ATM,Thành công,
GD000124,KH0052,2024-04-01,08:35,Thanh toán hóa đơn,129077245,  Bình Dương  ,Internet Banking,Thành công,Lương tháng 4
GD000465,KH0188,2024-01-28,14:12,Thanh toán hóa đơn,162284180,,Internet Banking,Thành công,
GD000012,KH0113,2024-01-09,13:23,Thanh toán hóa đơn,41238243,Khánh Hòa,Internet Banking,Thành công,
GD000346,KH0022,2024-02-19,08:36,Mua ngoại tệ,5060098,Hà Nội,Internet Banking,Thành công,
GD000862,KH0115,2024-02-04,16:48,Thanh toán hóa đơn,167278313,Hải Phòng,ATM,Đang xử lý,Mua sắm online
GD000046,KH0142,2024-05-29,10:12,Nạp tiền,66012648,Khánh Hòa,Quầy giao dịch,Thành công,
GD000355,KH0095,2024-02-19,08:48,Nạp tiền,51458524,Hà Nội,Mobile App,Thành công,
GD000550,KH0064,04/01/2024,16:06,Mua ngoại tệ,42179738,Cần Thơ,,Thành công,
GD000495,KH0177,2024-03-02,10:11,Nạp tiền,3468479,Khánh Hòa,Quầy giao dịch,Thất bại,
GD000891,KH0064,2024-06-27,17:35,Thanh toán hóa đơn,152312335,Cần Thơ,Quầy giao dịch,Thành công,Lương tháng 6
GD000468,KH0178,2024-05-26,04:57,Mua ngoại tệ,155337055,Thanh Hóa,,Thành công,
GD000572,KH0056,2024-04-29,16:42,Rút tiền,86752225,Bình Dương,Internet Banking,Thành công,Trả nợ vay
GD000379,KH0034,2024-02-22,15:10,Mua ngoại tệ,54535107,Nghệ An,,Thành công,
GD000450,KH0123,2024-01-18,12:09,Chuyển khoản,103402321,Bình Dương,ATM,Thành công,
GD000247,KH0056,2024-06-02,09:05,Mua ngoại tệ,173970899,Thanh Hóa,Internet Banking,Thành công,
GD000697,KH0127,2024-01-07,16:04,Chuyển khoản,61657544,Thanh Hóa,Internet Banking,Thành công,
GD000396,KH0042,2024-02-19,13:32,Thanh toán hóa đơn,15539965,Đồng Nai,Mobile App,Thành công,Thanh toán tiền điện
GD000756,KH0119,2024-06-17,13:28,Rút tiền,189937090,Đồng Nai,POS,Thành công,
GD000790,KH0131,2024-06-04,16:35,Chuyển khoản,69751473,Cần Thơ,Mobile App,Thành công,
GD000569,KH0161,2024-01-06,11:40,Nạp tiền,66281649,Cần Thơ,Mobile App,Thành công,
GD000624,KH0139,2024-04-06,10:10,Chuyển khoản,978243923,Hà Nội,ATM,Thành công,
GD000678,KH0172,2024-01-22,16:57,Chuyển khoản,28785910,Hải Phòng,Mobile App,Thành công,
GD000933,KH0087,2024-02-24,13:51,Mua ngoại tệ,165845188,Bình Dương,ATM,Thành công,
GD000682,KH0076,2024-06-02,11:27,Nạp tiền,142468659,TP. Hồ Chí Minh,Quầy giao dịch,Thành công,
GD000826,KH0014,2024-03-01,09:25,Thanh toán hóa đơn,124390667,Khánh Hòa,Mobile App,Thành công,
GD000988,KH0133,2024-03-30,14:23,Nạp tiền,33781853,TP. Hồ Chí Minh,Quầy giao dịch,Thành công,
GD000160,KH0129,2024-01-31,17:34,Chuyển khoản,174326817,Đồng Nai,Internet Banking,Thành công,
GD000720,KH0161,2024-05-18,10:54,Mua ngoại tệ,128278502,Nghệ An,Mobile App,Thành công,
GD000265,KH0056,2024-02-03,09:01,Thanh toán hóa đơn,123337797,Thanh Hóa,ATM,Thành công,
GD000057,KH0086,2024-06-07,15:21,Thanh toán hóa đơn,159606135,Đà Nẵng,Mobile App,Thành công,
GD000375,KH0119,2024-03-28,11:27,Thanh toán hóa đơn,149956926,TP. Hồ Chí Minh,Mobile App,Thành công,
GD000739,KH0018,2024-04-06,16:51,Thanh toán hóa đơn,145399465,Đồng Nai,POS,Thành công,
GD000482,KH0028,2024-06-04,13:23,Chuyển khoản,137316298,,POS,Thành công,
GD000762,KH0021,2024-03-25,08:06,Rút tiền,45421666,Cần Thơ,ATM,Thành công,
GD000970,KH0057,2024-05-22,10:45,Chuyển khoản,169235972,Đồng Nai,POS,Thành công,
GD000664,KH0130,2024-01-17,13:42,Thanh toán hóa đơn,66025024,Thanh Hóa,Mobile App,Thành công,
GD000723,KH0088,2024-03-18,12:54,Thanh toán hóa đơn,184854843,Thanh Hóa,POS,Thành công,
GD000691,KH0125,2024-03-21,11:59,Mua ngoại tệ,16307243,Hải Phòng,Mobile App,Thất bại,
GD000075,KH0003,2024-06-27,14:44,Rút tiền,24029628,Hà Nội,Quầy giao dịch,Thành công,
GD000174,KH0051,2024-02-07,15:51,Chuyển khoản,169339352,Nghệ An,ATM,Thành công,
GD000013,KH0030,2024-01-07,14:58,Mua ngoại tệ,189038711,Khánh Hòa,ATM,Thành công,
GD000118,KH0014,2024-02-08,14:36,Thanh toán hóa đơn,48464150,Hà Nội,Mobile App,Thành công,
GD000147,KH0035,2024-04-10,12:40,Rút tiền,195826575,  Bình Dương  ,POS,Thành công,
GD000291,KH0171,2024-06-03,16:17,Rút tiền,67344046,Khánh Hòa,,Thành công,Thanh toán tiền điện
GD000415,KH0147,2024-05-02,17:11,Thanh toán hóa đơn,116458775,Cần Thơ,Internet Banking,Thành công,
GD000296,KH0022,2024-06-25,13:10,Chuyển khoản,176618194,Đồng Nai,,Đang xử lý,
GD000031,KH0107,2024-02-15,14:50,Thanh toán hóa đơn,77753199,TP. HỒ CHÍ MINH,Internet Banking,Thành công,
GD000586,KH0200,2024-02-17,17:25,Rút tiền,109352298,HẢI PHÒNG,Mobile App,Thành công,Thanh toán tiền điện
GD000849,KH0045,2024-06-30,10:12,Chuyển khoản,173230568,,Internet Banking,Thành công,
GD000007,KH0140,2024-05-09,08:24,Thanh toán hóa đơn,100257597,Cần Thơ,Internet Banking,Thành công,
GD000480,KH0040,2024-02-25,11:01,Nạp tiền,185700423,Đà Nẵng,Internet Banking,Thành công,
GD000749,KH0130,2024-04-02,17:21,Nạp tiền,129214073,Hà Nội,Internet Banking,Thành công,Mua sắm online
GD000374,KH0073,2024-03-29,14:52,Mua ngoại tệ,-4400394,Đà Nẵng,Mobile App,Thành công,
GD000511,KH0132,2024-01-17,17:21,Thanh toán hóa đơn,74766362,Cần Thơ,ATM,Thành công,
GD000688,KH0177,2024-02-02,09:01,Thanh toán hóa đơn,87613811,Hải Phòng,ATM,Thành công,Thanh toán tiền điện
GD000562,KH0062,2024-05-23,15:22,Nạp tiền,21041561,Thanh Hóa,Quầy giao dịch,Thành công,
GD000616,KH0190,2024-02-08,17:21,Thanh toán hóa đơn,116120731,,POS,Thành công,
GD000094,KH0136,2024-04-01,10:06,Rút tiền,197903075,TP. Hồ Chí Minh,POS,Thành công,
GD000798,KH0159,2024-06-22,17:41,Nạp tiền,65203639,Đồng Nai,POS,Thành công,
GD000583,KH0163,2024-01-10,08:34,Thanh toán hóa đơn,25436633,Đà Nẵng,ATM,Thành công,
GD000069,KH0090,2024-01-23,11:13,Mua ngoại tệ,163865904,Đồng Nai,Mobile App,Thành công,
GD000295,KH0008,31/05/2024,13:51,Mua ngoại tệ,91655350,Đồng Nai,Quầy giao dịch,Thành công,
GD000989,KH0058,2024-05-25,13:06,Rút tiền,123925161,Bình Dương,POS,Thành công,
GD000186,KH0054,2024-05-01,13:10,Chuyển khoản,32837112,Cần Thơ,Quầy giao dịch,Thành công,
GD000067,KH0050,2024-04-08,15:26,Thanh toán hóa đơn,131234277,Đà Nẵng,Mobile App,Thành công,
GD000461,KH0175,2024-04-09,17:04,Rút tiền,26197234,TP. Hồ Chí Minh,POS,Thành công,
GD000995,KH0028,2024-02-25,22:14,Rút tiền,18228667,Hà Nội,ATM,Thành công,
GD000311,KH0146,31/01/2024,15:52,Thanh toán hóa đơn,51198809,Cần Thơ,Mobile App,Thành công,
GD000541,KH0171,2024-03-12,16:48,Rút tiền,144959444,  Nghệ An  ,Internet Banking,Thành công,
GD000912,KH0063,2024-06-13,08:50,Thanh toán hóa đơn,147778477,Đà Nẵng,POS,Thất bại,
GD000373,KH0059,2024-01-26,16:12,Nạp tiền,81309595,Cần Thơ,Mobile App,Thành công,Mua sắm online
GD000439,KH0006,2024-02-12,10:18,Chuyển khoản,186291414,Hải Phòng,POS,Thành công,
GD000014,KH0023,2024-06-23,13:45,Chuyển khoản,80569007,Đà Nẵng,Mobile App,Thành công,Trả nợ vay
GD000087,KH0134,2024-04-15,09:37,Chuyển khoản,105907869,Hà Nội,Mobile App,Thành công,
GD000910,KH0143,2024-02-24,09:00,Rút tiền,4419445,Hà Nội,ATM,Đang xử lý,
GD000816,KH0172,2024-06-18,11:57,Mua ngoại tệ,4747424,Cần Thơ,ATM,Thành công,
GD000746,KH0146,2024-03-06,09:10,Chuyển khoản,17790651,Hải Phòng,ATM,Thành công,
GD000393,KH0074,2024-05-27,12:55,Thanh toán hóa đơn,106952936,Đồng Nai,POS,Thành công,
GD000276,KH0155,2024-06-03,13:25,Rút tiền,103696317,BÌNH DƯƠNG,Quầy giao dịch,Thành công,
GD000727,KH0101,2024-01-01,12:59,Thanh toán hóa đơn,156704530,Cần Thơ,Quầy giao dịch,Thành công,
GD000126,KH0170,2024-06-14,15:39,Nạp tiền,92048931,Đà Nẵng,ATM,Thành công,
GD000362,KH0110,2024-06-07,08:29,Mua ngoại tệ,27615545,TP. Hồ Chí Minh,Mobile App,Thành công,
GD000129,KH0124,2024-03-29,10:53,Mua ngoại tệ,3175894,Đà Nẵng,ATM,Thành công,
GD000030,KH0041,2024-04-14,15:30,Rút tiền,76665597,TP. Hồ Chí Minh,POS,Thành công,
GD000104,KH0058,2024-03-09,09:05,Nạp tiền,158353487,Hải Phòng,POS,Thành công,
GD000026,KH0029,18/02/2024,10:26,Rút tiền,126645626,TP. Hồ Chí Minh,POS,Thành công,Lương tháng 2
GD000081,KH0080,2024-06-19,09:00,Rút tiền,93117949,Nghệ An,Quầy giao dịch,Thành công,
GD000623,KH0094,2024-01-29,11:19,Thanh toán hóa đơn,71234074,Thanh Hóa,,Thành công,
GD000036,KH0130,2024-02-21,13:54,Mua ngoại tệ,192496200,Thanh Hóa,ATM,Thành công,Trả nợ vay
GD000214,KH0035,2024-04-10,10:29,Mua ngoại tệ,122103094,Hà Nội,Mobile App,Thành công,
GD000531,KH0147,2024-04-05,09:41,Thanh toán hóa đơn,87705058,Thanh Hóa,ATM,Thành công,Mua sắm online
GD000592,KH0175,2024-01-26,14:26,Rút tiền,37247648,Thanh Hóa,POS,Đang xử lý,
GD000770,KH0055,2024-05-29,12:19,Mua ngoại tệ,21434410,Nghệ An,POS,Thành công,
GD000561,KH0001,2024-02-29,17:09,Rút tiền,86845350,Hà Nội,POS,Thành công,
GD000559,KH0163,2024-05-23,08:59,Rút tiền,114447970,Thanh Hóa,ATM,Thành công,
GD000949,KH0013,2024-04-14,08:22,Mua ngoại tệ,122703006,Khánh Hòa,Internet Banking,Thành công,
GD000736,KH0043,2024-05-13,17:03,Mua ngoại tệ,198986156,Đà Nẵng,ATM,Thành công,
GD000422,KH0045,2024-05-14,15:06,Mua ngoại tệ,75747919,Nghệ An,Internet Banking,Thành công,
GD000575,KH0179,2024-05-14,10:08,Nạp tiền,24316202,Cần Thơ,Quầy giao dịch,Đang xử lý,Thanh toán tiền điện
GD000612,KH0073,2024-01-29,09:20,Thanh toán hóa đơn,158375465,Cần Thơ,ATM,Thành công,
GD000656,KH0104,2024-04-21,15:06,Nạp tiền,82163757,Khánh Hòa,Internet Banking,Thành công,
GD000577,KH0119,2024-06-29,14:08,Nạp tiền,87858415,Cần Thơ,ATM,Thành công,
GD000652,KH0079,2024-01-08,13:54,Chuyển khoản,166714164,Khánh Hòa,Quầy giao dịch,Thành công,Trả nợ vay
GD000143,KH0083,2024-04-07,14:16,Mua ngoại tệ,-4435801,Bình Dương,ATM,Thành công,
GD000089,KH0031,2024-01-24,17:02,Rút tiền,24534777,Hải Phòng,Internet Banking,Thành công,
GD000846,KH0035,2024-01-02,12:23,Rút tiền,19578186,Hải Phòng,Internet Banking,Thất bại,
GD000667,KH0093,2024-02-27,10:24,Nạp tiền,5670266,Đồng Nai,ATM,Thành công,Mua sắm online
GD000902,KH0040,2024-04-24,15:43,Mua ngoại tệ,121047313,Khánh Hòa,Mobile App,Thành công,
GD000513,KH0060,2024-03-01,14:48,Thanh toán hóa đơn,67288746,Hà Nội,ATM,Thành công,
GD000669,KH0159,2024-04-03,14:23,Nạp tiền,29215561,Nghệ An,POS,Thành công,
GD000938,KH0149,2024-06-27,11:01,Chuyển khoản,42241486,Bình Dương,Quầy giao dịch,Thành công,
GD000070,KH0044,2024-03-23,17:17,Mua ngoại tệ,25611810,Đà Nẵng,Internet Banking,Thành công,
GD000898,KH0065,2024-05-16,08:00,Mua ngoại tệ,1519164228,Thanh Hóa,ATM,Thành công,
GD000863,KH0199,2024-05-13,12:11,Chuyển khoản,-4784086,Đồng Nai,Quầy giao dịch,Thành công,
GD000041,KH0148,2024-06-02,11:19,Rút tiền,111064222,Cần Thơ,POS,Thành công,
GD000127,KH0043,2024-01-29,10:06,Thanh toán hóa đơn,152774589,Khánh Hòa,Quầy giao dịch,Thành công,
GD000803,KH0051,2024-05-06,13:14,Chuyển khoản,194225690,Hà Nội,POS,Thành công,Lương tháng 5
GD000163,KH0143,2024-05-03,15:16,Nạp tiền,106922141,Đà Nẵng,Mobile App,Thành công,
GD000998,KH0185,2024-04-15,16:29,Chuyển khoản,170791674,Khánh Hòa,Internet Banking,Thành công,
GD000864,KH0097,02/02/2024,11:44,Nạp tiền,102188515,Hà Nội,Internet Banking,Thành công,Lương tháng 2
GD000615,KH0086,2024-06-11,09:35,Chuyển khoản,23599911,Thanh Hóa,Mobile App,Thành công,
GD000523,KH0183,2024-03-18,12:55,Rút tiền,187356661,Nghệ An,ATM,Thành công,Lương tháng 3
GD000806,KH0019,2024-02-01,17:18,Chuyển khoản,106619449,Nghệ An,POS,Thành công,Thanh toán tiền điện
GD000883,KH0183,2024-01-31,17:27,Chuyển khoản,148185570,Hải Phòng,POS,Thành công,
GD000354,KH0138,2024-01-21,09:34,Chuyển khoản,119551229,Hà Nội,POS,Thành công,Trả nợ vay
GD000948,KH0013,2024-03-11,11:54,Rút tiền,96465373,Đà Nẵng,Quầy giao dịch,Thành công,Mua sắm online
GD000819,KH0070,2024-06-09,10:30,Rút tiền,1933909908,Nghệ An,ATM,Thành công,
GD000367,KH0185,2024-02-14,10:12,Chuyển khoản,27213043,TP. Hồ Chí Minh,Internet Banking,Thành công,
GD000640,KH0179,2024-06-11,11:35,Mua ngoại tệ,93610263,Đà Nẵng,Quầy giao dịch,Thành công,
GD000499,KH0116,2024-05-14,13:56,Nạp tiền,74204524,Cần Thơ,Quầy giao dịch,Thành công,
GD000500,KH0089,2024-03-14,03:09,Thanh toán hóa đơn,77837703,Thanh Hóa,ATM,Đang xử lý,Mua sắm online
GD000101,KH0042,2024-01-20,09:21,Mua ngoại tệ,189164027,TP. Hồ Chí Minh,POS,Thành công,Lương tháng 1
GD000350,KH0167,2024-02-02,09:54,Mua ngoại tệ,100258357,Nghệ An,POS,Thành công,
GD000372,KH0087,2024-04-19,13:51,Thanh toán hóa đơn,48251808,Khánh Hòa,Quầy giao dịch,Thành công,Mua sắm online
GD000369,KH0151,2024-02-18,10:20,Rút tiền,33995953,Nghệ An,Mobile App,Thành công,Trả nợ vay
GD000440,KH0200,2024-04-09,10:00,Rút tiền,2428692,Nghệ An,POS,Thành công,Thanh toán tiền điện
GD000153,KH0129,2024-01-03,17:43,Rút tiền,42790942,Đà Nẵng,Mobile App,Thành công,
GD000994,KH0157,2024-03-12,15:48,Nạp tiền,42860906,Hải Phòng,Mobile App,Thành công,
GD000221,KH0060,2024-06-30,09:01,Thanh toán hóa đơn,55704947,Thanh Hóa,Quầy giao dịch,Thành công,
GD000641,KH0079,2024-01-26,14:20,Mua ngoại tệ,102779279,Hải Phòng,Quầy giao dịch,Thành công,Chuyển tiền cho người thân
GD000972,KH0145,2024-02-09,10:11,Nạp tiền,165924973,Bình Dương,ATM,Thành công,
GD000043,KH0107,2024-05-22,12:13,Nạp tiền,99660356,Hà Nội,Internet Banking,Thành công,Lương tháng 5
GD000010,KH0087,2024-02-17,16:17,Chuyển khoản,161769824,Đà Nẵng,Internet Banking,Thành công,Trả nợ vay
GD000056,KH0036,2024-03-09,09:10,Thanh toán hóa đơn,20698421,Bình Dương,ATM,Thành công,
GD000090,KH0116,2024-05-22,15:06,Rút tiền,59720017,Đà Nẵng,Internet Banking,Thành công,Trả nợ vay
GD000003,KH0052,2024-06-03,15:55,Nạp tiền,138538371,Hà Nội,Quầy giao dịch,Thành công,
GD000907,KH0170,2024-03-06,17:36,Mua ngoại tệ,138158019,Đà Nẵng,POS,Thành công,Trả nợ vay
GD000333,KH0011,2024-05-09,11:58,Nạp tiền,118569060,Nghệ An,Mobile App,Thành công,
GD000432,KH0100,2024-02-03,08:08,Rút tiền,-2083947,TP. Hồ Chí Minh,POS,Thành công,
GD000894,KH0149,2024-03-05,14:24,Nạp tiền,149502076,Thanh Hóa,Internet Banking,Thành công,
GD000636,KH0154,2024-04-02,15:53,Thanh toán hóa đơn,75266571,Cần Thơ,Quầy giao dịch,Thành công,Trả nợ vay
GD000642,KH0029,2024-02-18,16:18,Mua ngoại tệ,186783391,Hà Nội,POS,Thành công,
GD000585,KH0185,2024-06-16,14:07,Rút tiền,165293893,Nghệ An,Internet Banking,Thành công,
GD000689,KH0083,2024-06-10,17:39,Rút tiền,151259160,Khánh Hòa,Internet Banking,Thành công,
GD000320,KH0103,23/01/2024,14:49,Thanh toán hóa đơn,175624049,Đà Nẵng,ATM,Thành công,
GD000351,KH0159,2024-03-15,08:59,Thanh toán hóa đơn,182585519,Đồng Nai,Mobile App,Đang xử lý,
GD000874,KH0120,2024-02-01,12:37,Rút tiền,18288766,Thanh Hóa,Quầy giao dịch,Thành công,
GD000018,KH0008,21/01/2024,17:16,Rút tiền,171577893,TP. Hồ Chí Minh,Quầy giao dịch,Thành công,
GD000397,KH0067,2024-06-03,12:15,Mua ngoại tệ,43382842,TP. Hồ Chí Minh,ATM,Thành công,Trả nợ vay
GD000684,KH0077,2024-05-05,11:14,Mua ngoại tệ,110036702,Khánh Hòa,ATM,Thành công,
GD000455,KH0129,11/02/2024,15:35,Nạp tiền,190465447,Hải Phòng,Internet Banking,Thành công,
GD000522,KH0073,2024-01-12,11:18,Rút tiền,32900153,Hà Nội,Mobile App,Thành công,
GD000526,KH0068,2024-05-31,17:27,Thanh toán hóa đơn,15382655,Hà Nội,Quầy giao dịch,Thành công,
GD000952,KH0101,2024-04-27,08:24,Rút tiền,22628823,Thanh Hóa,Quầy giao dịch,Thành công,
GD000631,KH0139,2024-02-28,10:23,Rút tiền,170321997,Thanh Hóa,Mobile App,Thành công,Trả nợ vay
GD000337,KH0115,2024-06-13,17:41,Thanh toán hóa đơn,174199382,Đồng Nai,,Thành công,Lương tháng 6
GD000868,KH0104,2024-05-07,15:23,Thanh toán hóa đơn,17466733,Bình Dương,Quầy giao dịch,Thành công,
GD000965,KH0095,2024-03-24,08:02,Chuyển khoản,183235304,Đà Nẵng,Mobile App,Thành công,Mua sắm online
GD000713,KH0007,07/04/2024,09:30,Nạp tiền,194472064,Hà Nội,Mobile App,Thành công,
GD000431,KH0035,2024-04-11,08:10,Rút tiền,71400042,Hà Nội,Mobile App,Thành công,
GD000964,KH0148,2024-04-20,11:12,Thanh toán hóa đơn,1098412084,TP. Hồ Chí Minh,Quầy giao dịch,Thành công,
GD000343,KH0075,2024-01-11,12:23,Nạp tiền,-1298475,Đà Nẵng,Quầy giao dịch,Thành công,Mua sắm online
GD000111,KH0071,2024-04-04,09:43,Chuyển khoản,119799978,Đà Nẵng,POS,Thành công,
GD000121,KH0176,2024-02-04,13:48,Rút tiền,108334621,,Mobile App,Thành công,
GD000170,KH0049,2024-05-07,11:55,Nạp tiền,67077107,Thanh Hóa,Internet Banking,Thành công,
GD000005,KH0036,2024-06-29,09:01,Nạp tiền,195265601,Thanh Hóa,Quầy giao dịch,Thành công,
GD000676,KH0043,2024-01-14,12:28,Thanh toán hóa đơn,176329788,Khánh Hòa,Internet Banking,Thành công,Trả nợ vay
GD000683,KH0016,2024-06-07,15:00,Chuyển khoản,97083990,Thanh Hóa,Quầy giao dịch,Thành công,
GD000095,KH0046,2024-03-01,13:58,Mua ngoại tệ,152427753,Thanh Hóa,ATM,Đang xử lý,Lương tháng 3
GD000533,KH0167,2024-01-21,11:36,Mua ngoại tệ,197068538,Đồng Nai,POS,Thành công,
GD000218,KH0023,2024-01-13,10:43,Nạp tiền,159760770,Thanh Hóa,ATM,Đang xử lý,
GD000437,KH0167,2024-03-11,09:08,Mua ngoại tệ,175702124,Hải Phòng,Internet Banking,Thành công,
GD000071,KH0183,2024-03-23,14:31,Rút tiền,111242701,Đồng Nai,Internet Banking,Thành công,
GD000245,KH0111,2024-06-05,13:17,Nạp tiền,156863775,Đồng Nai,Mobile App,Thành công,
GD000835,KH0127,2024-01-10,16:00,Thanh toán hóa đơn,63798489,Bình Dương,Internet Banking,Thành công,
GD000365,KH0086,2024-06-06,09:29,Chuyển khoản,171517725,Hải Phòng,Mobile App,Thành công,
GD000903,KH0008,2024-02-19,14:43,Rút tiền,94976881,TP. Hồ Chí Minh,Internet Banking,Thành công,
GD000002,KH0061,2024-04-23,15:14,Mua ngoại tệ,125950416,Hải Phòng,ATM,Thành công,
GD000574,KH0154,2024-03-27,08:59,Rút tiền,136136242,,POS,Thành công,
GD000073,KH0088,2024-06-23,15:01,Chuyển khoản,122595655,TP. Hồ Chí Minh,Mobile App,Thành công,Mua sắm online
GD000644,KH0063,2024-02-27,10:00,Nạp tiền,-4153990,Khánh Hòa,POS,Thành công,
GD000020,KH0069,2024-04-25,12:24,Mua ngoại tệ,42919051,Bình Dương,Mobile App,Thành công,
GD000870,KH0109,12/05/2024,09:51,Nạp tiền,8232462,Hà Nội,ATM,Thành công,Thanh toán tiền điện
GD000085,KH0003,2024-04-04,12:47,Mua ngoại tệ,132485497,Hải Phòng,Mobile App,Đang xử lý,
GD000576,KH0078,2024-03-19,11:27,Chuyển khoản,149125154,BÌNH DƯƠNG,Internet Banking,Thành công,
GD000733,KH0104,2024-02-23,12:15,Nạp tiền,126137629,TP. Hồ Chí Minh,Internet Banking,Thành công,
GD000481,KH0132,2024-04-12,11:43,Nạp tiền,157777006,Cần Thơ,ATM,Thành công,
GD000503,KH0052,2024-03-05,12:19,Chuyển khoản,123840186,Nghệ An,ATM,Thành công,
GD000925,KH0130,2024-05-26,13:44,Nạp tiền,152383625,Nghệ An,POS,Thành công,
GD000141,KH0153,2024-01-14,12:31,Mua ngoại tệ,190016822,Bình Dương,POS,Thành công,Thanh toán tiền điện
GD000391,KH0107,2024-06-14,11:54,Nạp tiền,14565372,Hải Phòng,Mobile App,Thành công,Trả nợ vay
GD000880,KH0140,2024-04-12,10:10,Chuyển khoản,95626675,Nghệ An,POS,Thành công,
GD000023,KH0087,2024-05-22,11:38,Mua ngoại tệ,10495888,Đà Nẵng,POS,Thành công,
GD000904,KH0163,19/02/2024,11:20,Mua ngoại tệ,167588340,Hải Phòng,,Thành công,
GD000308,KH0189,2024-03-24,08:41,Rút tiền,36581978,TP. Hồ Chí Minh,Quầy giao dịch,Thành công,
GD000068,KH0191,2024-05-06,09:17,Mua ngoại tệ,11219739,Khánh Hòa,Internet Banking,Thành công,Mua sắm online
GD000435,KH0016,2024-05-10,09:17,Nạp tiền,112275938,Hải Phòng,,Thành công,
GD000501,KH0152,2024-02-01,14:22,Chuyển khoản,76088512,Nghệ An,Mobile App,Thành công,
GD000152,KH0149,2024-04-13,08:35,Nạp tiền,126779438,Đà Nẵng,POS,Thành công,
GD000598,KH0116,2024-06-28,08:48,Rút tiền,59380016,Bình Dương,Quầy giao dịch,Thành công,
GD000119,KH0148,2024-02-10,09:08,Mua ngoại tệ,115215641,Khánh Hòa,Mobile App,Thành công,
GD000958,KH0112,2024-04-04,12:25,Thanh toán hóa đơn,135016596,Đồng Nai,Mobile App,Thành công,Chuyển tiền cho người thân
GD000063,KH0166,2024-01-28,11:33,Rút tiền,114502659,Khánh Hòa,Mobile App,Thành công,
GD000191,KH0197,2024-05-21,14:41,Nạp tiền,17949234,TP. Hồ Chí Minh,Internet Banking,Thành công,
GD000219,KH0083,2024-04-04,14:53,Mua ngoại tệ,32805361,Cần Thơ,Mobile App,Thành công,
GD000356,KH0181,2024-06-04,14:07,Nạp tiền,148168708,Hải Phòng,POS,Thành công,
GD000830,KH0041,2024-01-23,13:00,Nạp tiền,28209125,Cần Thơ,Internet Banking,Thành công,Lương tháng 1
GD000463,KH0103,2024-04-14,10:28,Nạp tiền,84243548,Bình Dương,ATM,Thành công,
GD000016,KH0089,2024-02-02,17:11,Rút tiền,14924773,Hà Nội,Mobile App,Thành công,
GD000728,KH0100,2024-03-21,13:48,Chuyển khoản,28896510,Nghệ An,Internet Banking,Thành công,
GD000377,KH0098,2024-02-22,14:12,Thanh toán hóa đơn,121258090,Cần Thơ,POS,Thành công,Trả nợ vay
GD000858,KH0132,2024-04-01,14:59,Chuyển khoản,10904936,HẢI PHÒNG,Mobile App,Thành công,
GD000242,KH0066,2024-01-04,17:47,Rút tiền,47133408,Cần Thơ,Mobile App,Thành công,Thanh toán tiền điện
GD000272,KH0013,2024-02-07,10:39,Rút tiền,47122665,Đà Nẵng,Quầy giao dịch,Thành công,
GD000424,KH0064,2024-06-22,10:28,Nạp tiền,74090664,Đồng Nai,Mobile App,Thành công,
GD000801,KH0085,2024-02-04,08:43,Nạp tiền,15491326,Cần Thơ,Mobile App,Thành công,
GD000467,KH0077,2024-04-25,12:11,Chuyển khoản,91860065,Cần Thơ,ATM,Thành công,
GD000246,KH0047,2024-03-21,09:00,Thanh toán hóa đơn,119756698,Bình Dương,,Thành công,
GD000986,KH0116,2024-03-13,14:16,Chuyển khoản,176514814,Nghệ An,POS,Thành công,
GD000027,KH0088,2024-05-19,12:39,Thanh toán hóa đơn,149860244,Cần Thơ,Quầy giao dịch,Thành công,
GD000695,KH0092,2024-03-27,09:31,Thanh toán hóa đơn,172336897,Đồng Nai,Internet Banking,Thành công,
GD000578,KH0007,2024-02-26,11:23,Nạp tiền,163947702,Thanh Hóa,Mobile App,Thành công,
GD000222,KH0066,2024-01-18,13:49,Chuyển khoản,106363681,Thanh Hóa,Mobile App,Thành công,
GD000151,KH0115,2024-04-01,09:11,Mua ngoại tệ,37631411,Nghệ An,Internet Banking,Thành công,
GD000918,KH0195,2024-05-26,09:50,Thanh toán hóa đơn,31665939,Khánh Hòa,Internet Banking,Thành công,
GD000911,KH0153,2024-06-20,15:45,Thanh toán hóa đơn,79365082,Hải Phòng,Quầy giao dịch,Thành công,
GD000687,KH0037,2024-03-01,11:26,Thanh toán hóa đơn,1161441447,Đà Nẵng,POS,Thành công,
GD000643,KH0091,2024-04-11,12:39,Mua ngoại tệ,60400963,Khánh Hòa,Mobile App,Thành công,
GD000290,KH0027,2024-02-13,13:12,Mua ngoại tệ,62560467,Đồng Nai,POS,Thành công,
GD000134,KH0128,2024-01-02,14:53,Mua ngoại tệ,47617417,Thanh Hóa,Internet Banking,Thành công,
GD000286,KH0008,2024-01-24,12:37,Nạp tiền,195619748,Thanh Hóa,Internet Banking,Thành công,
GD000050,KH0077,2024-06-24,08:05,Thanh toán hóa đơn,15113238,TP. Hồ Chí Minh,ATM,Thành công,
GD000444,KH0049,2024-05-25,12:01,Nạp tiền,105866541,Thanh Hóa,ATM,Thành công,
GD000647,KH0044,2024-01-06,08:57,Nạp tiền,17169963,Bình Dương,POS,Đang xử lý,
GD000405,KH0009,2024-02-02,16:55,Thanh toán hóa đơn,31102248,Khánh Hòa,Mobile App,Thành công,
GD000752,KH0022,2024-01-11,11:50,Rút tiền,131680034,Hà Nội,POS,Thành công,
GD000974,KH0057,2024-04-08,16:50,Nạp tiền,193349062,Khánh Hòa,Quầy giao dịch,Đang xử lý,
GD000838,KH0084,2024-02-17,15:11,Nạp tiền,46182562,Đồng Nai,Mobile App,Thành công,
GD000539,KH0151,2024-03-12,12:31,Nạp tiền,141030595,Thanh Hóa,Quầy giao dịch,Thành công,
GD000715,KH0126,2024-02-14,10:02,Nạp tiền,184413447,,ATM,Thành công,
GD000999,KH0099,2024-04-02,15:09,Thanh toán hóa đơn,17253763,Đà Nẵng,POS,Thành công,
GD000053,KH0153,2024-04-11,12:50,Thanh toán hóa đơn,100827916,Đồng Nai,ATM,Thành công,Thanh toán tiền điện
GD000207,KH0157,2024-06-09,17:09,Thanh toán hóa đơn,88441699,Khánh Hòa,Mobile App,Thành công,
GD000366,KH0053,2024-04-12,13:00,Chuyển khoản,38275739,,Quầy giao dịch,Thành công,
GD000793,KH0081,2024-04-07,16:41,Nạp tiền,22877868,Nghệ An,POS,Thành công,Mua sắm online
GD000815,KH0015,2024-04-14,16:30,Rút tiền,112176471,TP. Hồ Chí Minh,Mobile App,Thành công,
GD000795,KH0104,2024-04-06,10:51,Nạp tiền,99254697,TP. Hồ Chí Minh,POS,Thành công,Thanh toán tiền điện
GD000755,KH0124,2024-04-21,16:46,Mua ngoại tệ,127081248,,Quầy giao dịch,Thành công,Trả nợ vay
GD000109,KH0078,2024-03-20,09:55,Rút tiền,118996599,Bình Dương,Internet Banking,Thành công,
GD000400,KH0048,2024-02-21,11:16,Thanh toán hóa đơn,29361929,Đà Nẵng,Internet Banking,Thành công,
GD000025,KH0177,10/06/2024,17:36,Rút tiền,45821483,Nghệ An,ATM,Đang xử lý,
GD000560,KH0027,2024-02-25,09:08,Mua ngoại tệ,88676701,Thanh Hóa,Quầy giao dịch,Thành công,
GD000940,KH0174,2024-01-12,04:34,Mua ngoại tệ,65273299,TP. Hồ Chí Minh,Internet Banking,Thành công,Mua sắm online
GD000519,KH0196,2024-01-10,14:38,Mua ngoại tệ,128569240,Đà Nẵng,Internet Banking,Thành công,
GD000580,KH0004,2024-02-11,14:43,Thanh toán hóa đơn,1904061811,Đồng Nai,ATM,Thành công,
GD000008,KH0086,04/02/2024,10:53,Thanh toán hóa đơn,48979876,Đà Nẵng,,Thành công,
GD000535,KH0155,2024-02-28,17:52,Rút tiền,109468972,Thanh Hóa,Quầy giao dịch,Thành công,Trả nợ vay
GD000213,KH0102,2024-03-18,10:27,Nạp tiền,138822983,Đà Nẵng,Internet Banking,Thành công,
GD000771,KH0011,2024-03-20,13:17,Chuyển khoản,157971722,TP. Hồ Chí Minh,ATM,Thành công,
GD000448,KH0058,2024-01-27,09:39,Nạp tiền,22814482,TP. Hồ Chí Minh,POS,Thành công,
GD000517,KH0075,2024-03-05,10:18,Chuyển khoản,139035074,Thanh Hóa,Internet Banking,Thành công,
GD000135,KH0156,2024-06-26,13:18,Thanh toán hóa đơn,161788925,Nghệ An,Quầy giao dịch,Thành công,
GD000243,KH0127,2024-04-15,15:46,Rút tiền,92680559,TP. Hồ Chí Minh,Internet Banking,Thành công,
GD000724,KH0088,2024-05-16,12:40,Nạp tiền,159617112,Nghệ An,Quầy giao dịch,Thành công,
GD000488,KH0020,2024-03-08,14:17,Rút tiền,32235792,Đà Nẵng,POS,Thành công,Lương tháng 3
GD000478,KH0054,2024-04-10,14:04,Thanh toán hóa đơn,184555463,Đồng Nai,ATM,Đang xử lý,Lương tháng 4
GD000716,KH0198,06/04/2024,13:55,Mua ngoại tệ,119414230,Hà Nội,POS,Thành công,Lương tháng 4
GD000283,KH0135,2024-05-16,09:26,Thanh toán hóa đơn,35277363,TP. Hồ Chí Minh,Quầy giao dịch,Thành công,
GD000851,KH0161,2024-03-09,17:02,Nạp tiền,179843834,Khánh Hòa,Mobile App,Thành công,
GD000342,KH0033,2024-05-04,16:55,Mua ngoại tệ,127115417,TP. Hồ Chí Minh,Quầy giao dịch,Thành công,
GD000797,KH0136,2024-01-02,10:35,Thanh toán hóa đơn,138472327,Hải Phòng,POS,Thành công,Trả nợ vay
GD000248,KH0071,2024-04-19,13:16,Rút tiền,16796984,Đồng Nai,Quầy giao dịch,Thành công,
GD000169,KH0059,2024-03-21,16:00,Nạp tiền,180894406,Bình Dương,ATM,Thành công,
GD000657,KH0147,2024-05-18,08:34,Chuyển khoản,50580024,Bình Dương,ATM,Thành công,
GD000341,KH0034,2024-05-01,16:25,Mua ngoại tệ,70834740,Thanh Hóa,ATM,Thành công,Lương tháng 5
GD000796,KH0062,2024-04-15,15:39,Nạp tiền,-4510913,Đà Nẵng,Internet Banking,Thành công,
GD000791,KH0179,2024-06-11,15:04,Thanh toán hóa đơn,198085870,Bình Dương,,Thành công,
GD000001,KH0076,2024-01-26,16:02,Nạp tiền,160372121,Đồng Nai,POS,Thành công,
GD000637,KH0063,2024-05-29,12:06,Thanh toán hóa đơn,100934040,Thanh Hóa,ATM,Thành công,Chuyển tiền cho người thân
GD000673,KH0161,2024-04-30,11:07,Rút tiền,10620544,,ATM,Thành công,
GD000672,KH0055,2024-03-19,13:37,Thanh toán hóa đơn,77826771,Cần Thơ,Mobile App,Thành công,
GD000546,KH0057,2024-01-29,12:26,Thanh toán hóa đơn,31139974,Đà Nẵng,Internet Banking,Thành công,
GD000593,KH0043,2024-05-25,13:01,Mua ngoại tệ,148241769,Nghệ An,Mobile App,Thành công,
GD000054,KH0098,2024-06-11,13:06,Chuyển khoản,1161999324,Khánh Hòa,Mobile App,Thành công,Chuyển tiền cho người thân
GD000945,KH0061,2024-05-02,17:54,Rút tiền,163434980,Đà Nẵng,Mobile App,Thành công,Chuyển tiền cho người thân
GD000866,KH0007,2024-02-06,14:07,Nạp tiền,149710391,Khánh Hòa,POS,Thành công,
GD000130,KH0013,2024-05-09,14:52,Rút tiền,153872892,Khánh Hòa,Quầy giao dịch,Thành công,
GD000441,KH0012,2024-05-16,10:56,Nạp tiền,13879787,Hải Phòng,,Thành công,Lương tháng 5
GD000139,KH0004,2024-03-05,15:53,Rút tiền,173897494,Bình Dương,POS,Thành công,
GD000092,KH0115,08/02/2024,11:41,Nạp tiền,128638886,TP. Hồ Chí Minh,ATM,Thành công,
GD000279,KH0040,2024-03-08,15:07,Nạp tiền,184691499,HẢI PHÒNG,ATM,Thành công,
GD000621,KH0080,2024-01-17,12:14,Chuyển khoản,126580129,TP. Hồ Chí Minh,Quầy giao dịch,Thất bại,
GD000032,KH0035,2024-05-09,09:21,Rút tiền,192947229,ĐÀ NẴNG,Quầy giao dịch,Thành công,
GD000309,KH0167,2024-02-03,13:28,Thanh toán hóa đơn,46617920,Thanh Hóa,Mobile App,Thành công,
GD000490,KH0016,24/02/2024,14:12,Thanh toán hóa đơn,158567336,Nghệ An,Quầy giao dịch,Thành công,Mua sắm online
GD000882,KH0128,2024-06-21,10:38,Thanh toán hóa đơn,124432001,Đồng Nai,ATM,Đang xử lý,
GD000836,KH0085,2024-06-24,09:10,Nạp tiền,92024439,Bình Dương,POS,Thành công,
GD000666,KH0019,2024-01-06,17:41,Thanh toán hóa đơn,120757694,Hải Phòng,Quầy giao dịch,Thành công,
GD000877,KH0172,2024-05-31,09:39,Thanh toán hóa đơn,70947487,Đà Nẵng,,Thành công,
GD000457,KH0086,2024-01-08,09:04,Rút tiền,83028799,Hải Phòng,Internet Banking,Thành công,
GD000072,KH0125,2024-03-24,09:46,Thanh toán hóa đơn,17050200,Nghệ An,Mobile App,Thành công,Trả nợ vay
GD000452,KH0005,2024-04-02,09:03,Nạp tiền,37456286,Cần Thơ,POS,Thành công,Thanh toán tiền điện
GD000084,KH0107,2024-03-22,13:07,Mua ngoại tệ,59960782,Nghệ An,Internet Banking,Thành công,Trả nợ vay
GD000017,KH0021,2024-03-05,12:08,Nạp tiền,172113753,Đà Nẵng,Mobile App,Thành công,
GD000061,KH0111,28/01/2024,16:47,Mua ngoại tệ,59382755,Khánh Hòa,POS,Thành công,
GD000088,KH0189,2024-03-24,09:12,Rút tiền,41767702,Hà Nội,ATM,Thành công,
GD000619,KH0007,2024-04-23,11:24,Chuyển khoản,55248990,Đồng Nai,Mobile App,Thành công,
GD000477,KH0198,2024-03-07,10:40,Chuyển khoản,27811388,Hà Nội,Internet Banking,Thành công,
GD000651,KH0052,2024-02-28,09:21,Thanh toán hóa đơn,5526287,,Quầy giao dịch,Thất bại,
GD000600,KH0104,2024-05-02,13:41,Rút tiền,140532319,Bình Dương,Mobile App,Thành công,
GD000887,KH0019,2024-02-24,11:22,Mua ngoại tệ,54964128,Đồng Nai,ATM,Thành công,
GD000328,KH0075,2024-01-10,17:46,Mua ngoại tệ,131020060,Hải Phòng,ATM,Thành công,
GD000340,KH0077,2024-03-13,17:43,Rút tiền,66523566,Hà Nội,Quầy giao dịch,Thành công,Trả nợ vay
GD000605,KH0200,2024-06-13,17:48,Thanh toán hóa đơn,109348560,Thanh Hóa,Quầy giao dịch,Thành công,
GD000926,KH0121,2024-01-30,17:50,Mua ngoại tệ,54323510,Cần Thơ,,Thành công,
GD000996,KH0157,2024-06-05,11:57,Chuyển khoản,56585025,TP. Hồ Chí Minh,Mobile App,Thành công,
GD000653,KH0181,2024-02-15,15:01,Mua ngoại tệ,32338242,Cần Thơ,Mobile App,Thành công,Lương tháng 2
GD000844,KH0110,2024-04-16,17:32,Thanh toán hóa đơn,118752558,Cần Thơ,ATM,Thành công,
GD000704,KH0120,2024-04-15,08:42,Chuyển khoản,190612799,Cần Thơ,,Thành công,
GD000136,KH0075,2024-06-24,10:32,Mua ngoại tệ,31028861,Bình Dương,ATM,Thành công,
GD000015,KH0007,2024-04-02,16:08,Mua ngoại tệ,106930254,Khánh Hòa,POS,Thành công,
GD000617,KH0058,2024-05-29,15:41,Rút tiền,95249375,Thanh Hóa,Mobile App,Thành công,Thanh toán tiền điện
GD000300,KH0120,2024-03-09,17:54,Thanh toán hóa đơn,16124360,Nghệ An,Mobile App,Thành công,
GD000786,KH0058,2024-06-07,11:23,Nạp tiền,184711349,Hà Nội,,Thành công,
GD000150,KH0169,2024-03-19,17:23,Nạp tiền,84127953,Hải Phòng,ATM,Thành công,
GD000782,KH0144,2024-01-05,10:14,Thanh toán hóa đơn,110742011,Nghệ An,POS,Thành công,Mua sắm online
GD000055,KH0091,2024-05-21,13:55,Thanh toán hóa đơn,1388650353,Đồng Nai,POS,Thành công,
GD000274,KH0166,2024-06-29,17:42,Rút tiền,118726800,Bình Dương,Internet Banking,Thành công,
GD000414,KH0045,2024-06-16,09:49,Thanh toán hóa đơn,73927742,Khánh Hòa,Internet Banking,Thành công,
GD000872,KH0115,2024-04-19,15:01,Rút tiền,-1769037,Hải Phòng,ATM,Thành công,Mua sắm online
GD000298,KH0055,2024-03-14,17:25,Rút tiền,192707962,Thanh Hóa,Internet Banking,Thành công,Mua sắm online
GD000376,KH0058,2024-04-17,16:19,Nạp tiền,8696034,Đà Nẵng,Quầy giao dịch,Thành công,
GD000205,KH0098,2024-05-10,13:31,Mua ngoại tệ,134442430,Khánh Hòa,Internet Banking,Thành công,Mua sắm online
GD000106,KH0021,2024-06-23,10:53,Mua ngoại tệ,18038384,Hà Nội,Quầy giao dịch,Thất bại,
GD000693,KH0117,2024-03-13,08:07,Chuyển khoản,99054901,Đà Nẵng,,Thành công,
GD000323,KH0132,2024-01-28,15:42,Mua ngoại tệ,157237182,  Hà Nội  ,ATM,Thành công,
GD000802,KH0182,2024-02-01,10:51,Chuyển khoản,122119389,Nghệ An,Internet Banking,Thành công,
GD000487,KH0008,27/02/2024,09:20,Thanh toán hóa đơn,194426237,Bình Dương,Internet Banking,Thành công,Mua sắm online
GD000748,KH0131,2024-03-17,14:03,Mua ngoại tệ,28637517,Đà Nẵng,Mobile App,Thành công,
GD000954,KH0023,2024-03-16,14:42,Rút tiền,175753360,Nghệ An,Mobile App,Thành công,Trả nợ vay
GD000125,KH0020,2024-01-26,15:18,Nạp tiền,46946159,TP. Hồ Chí Minh,Quầy giao dịch,Thành công,Thanh toán tiền điện
GD000237,KH0099,2024-04-02,10:08,Chuyển khoản,-4182746,Đồng Nai,Mobile App,Thành công,
GD000504,KH0092,2024-04-29,14:29,Chuyển khoản,-3630921,Hà Nội,Quầy giao dịch,Thành công,
GD000058,KH0163,2024-05-05,13:24,Nạp tiền,30621529,Thanh Hóa,Mobile App,Thành công,
GD000537,KH0136,2024-04-09,14:44,Mua ngoại tệ,90461287,Bình Dương,Internet Banking,Thành công,
GD000434,KH0163,2024-02-08,08:17,Rút tiền,165531696,Hải Phòng,ATM,Thành công,
GD000259,KH0161,2024-06-17,09:50,Rút tiền,127399226,Khánh Hòa,Internet Banking,Thành công,
GD000618,KH0139,2024-03-30,13:59,Rút tiền,43882533,,Mobile App,Thành công,Trả nợ vay
GD000312,KH0049,2024-04-17,08:18,Nạp tiền,66707345,Bình Dương,,Thành công,
GD000411,KH0141,2024-04-10,13:48,Thanh toán hóa đơn,76027937,Cần Thơ,POS,Thành công,
GD000794,KH0129,2024-06-08,15:02,Mua ngoại tệ,-509809,TP. Hồ Chí Minh,ATM,Thành công,
GD000966,KH0059,2024-05-26,11:48,Thanh toán hóa đơn,23362168,Khánh Hòa,Mobile App,Thành công,
GD000039,KH0194,2024-01-06,16:27,Mua ngoại tệ,123698156,Bình Dương,,Thành công,
GD000528,KH0168,04/06/2024,13:53,Nạp tiền,4684991,KHÁNH HÒA,Quầy giao dịch,Thành công,
GD000929,KH0036,18/05/2024,15:52,Thanh toán hóa đơn,105672250,Bình Dương,Internet Banking,Thành công,
GD000853,KH0190,2024-04-15,14:51,Nạp tiền,171944661,Cần Thơ,Mobile App,Thành công,
GD000841,KH0054,2024-04-10,15:06,Nạp tiền,58192010,Đà Nẵng,ATM,Thành công,
GD000436,KH0156,2024-01-26,15:23,Nạp tiền,3717252,Nghệ An,Quầy giao dịch,Thành công,
GD000842,KH0082,12/01/2024,10:44,Chuyển khoản,23440669,TP. Hồ Chí Minh,ATM,Thành công,
GD000485,KH0152,2024-04-08,08:41,Mua ngoại tệ,76383868,,POS,Thành công,Trả nợ vay
GD000951,KH0071,2024-01-18,10:36,Chuyển khoản,31863746,Đồng Nai,Quầy giao dịch,Thành công,
GD000287,KH0044,17/05/2024,11:58,Mua ngoại tệ,187453625,Thanh Hóa,Internet Banking,Thành công,
GD000649,KH0002,2024-06-05,17:07,Chuyển khoản,196109981,Đà Nẵng,POS,Thành công,
GD000255,KH0152,2024-01-17,15:38,Mua ngoại tệ,114460269,Bình Dương,ATM,Thành công,
GD000349,KH0153,2024-05-30,16:24,Chuyển khoản,148527311,,Mobile App,Thành công,Lương tháng 5
GD000707,KH0036,2024-03-26,15:48,Mua ngoại tệ,11527154,Bình Dương,Mobile App,Thành công,
GD000765,KH0017,2024-02-11,16:12,Thanh toán hóa đơn,94373545,TP. Hồ Chí Minh,ATM,Thành công,Trả nợ vay
GD000235,KH0082,2024-03-17,12:58,Thanh toán hóa đơn,24017905,THANH HÓA,ATM,Thành công,
GD000305,KH0122,2024-06-23,10:23,Thanh toán hóa đơn,5707064,Thanh Hóa,Internet Banking,Thành công,
GD000646,KH0025,2024-05-09,09:51,Mua ngoại tệ,188530474,Nghệ An,Quầy giao dịch,Thành công,
GD000284,KH0045,2024-06-30,09:14,Rút tiền,60870611,Cần Thơ,Internet Banking,Thất bại,
GD000632,KH0076,2024-04-09,15:29,Nạp tiền,144922,Hà Nội,Quầy giao dịch,Thành công,
GD000288,KH0029,2024-03-21,10:31,Nạp tiền,10950778,Hà Nội,Quầy giao dịch,Thành công,
GD000012,KH0113,2024-01-09,13:23,Thanh toán hóa đơn,41238243,Khánh Hòa,Internet Banking,Thành công,
GD000249,KH0157,2024-04-10,10:34,Thanh toán hóa đơn,118586186,Cần Thơ,POS,Đang xử lý,
GD000203,KH0029,2024-03-19,11:47,Mua ngoại tệ,69482978,Nghệ An,Mobile App,Thành công,
GD000811,KH0088,2024-03-17,16:47,Mua ngoại tệ,62796105,Bình Dương,Internet Banking,Thành công,Mua sắm online
GD000294,KH0196,2024-01-29,16:43,Mua ngoại tệ,42009403,Nghệ An,POS,Thành công,
GD000661,KH0030,2024-02-10,10:34,Nạp tiền,182829205,Đồng Nai,POS,Thành công,
GD000975,KH0146,2024-01-19,09:23,Chuyển khoản,19382958,Hà Nội,Quầy giao dịch,Thành công,
GD000033,KH0110,2024-05-11,09:11,Rút tiền,1883447,Cần Thơ,Quầy giao dịch,Thất bại,
GD000773,KH0187,2024-02-18,14:13,Mua ngoại tệ,141725173,Cần Thơ,POS,Thành công,
GD000303,KH0172,2024-06-17,10:15,Chuyển khoản,32434755,Nghệ An,POS,Thành công,
GD000217,KH0114,2024-01-21,02:17,Mua ngoại tệ,55787294,TP. Hồ Chí Minh,,Thành công,
GD000211,KH0053,2024-01-17,15:55,Mua ngoại tệ,122871281,Hải Phòng,POS,Thành công,
GD000813,KH0097,2024-06-17,17:48,Mua ngoại tệ,122510861,Hà Nội,POS,Thành công,Lương tháng 6
GD000016,KH0089,2024-02-02,17:11,Rút tiền,14924773,Hà Nội,Mobile App,Thành công,
GD000839,KH0130,2024-01-28,13:01,Thanh toán hóa đơn,150020836,BÌNH DƯƠNG,ATM,Thất bại,
GD000244,KH0137,2024-02-29,15:16,Rút tiền,77572070,Khánh Hòa,POS,Thành công,
GD000725,KH0133,2024-06-22,14:42,Rút tiền,37437065,Cần Thơ,POS,Thành công,Mua sắm online
GD000850,KH0041,2024-02-22,08:34,Rút tiền,189610179,Hà Nội,Mobile App,Thành công,
GD000228,KH0004,2024-06-08,16:22,Mua ngoại tệ,189123505,Cần Thơ,Quầy giao dịch,Thành công,
GD000024,KH0042,2024-04-10,12:37,Nạp tiền,131542209,Thanh Hóa,Quầy giao dịch,Thành công,
GD000140,KH0020,2024-02-17,09:24,Chuyển khoản,34964468,Đà Nẵng,Quầy giao dịch,Đang xử lý,
GD000980,KH0164,2024-03-26,08:10,Chuyển khoản,6363326,Bình Dương,Quầy giao dịch,Thành công,
GD000744,KH0089,2024-06-08,16:37,Chuyển khoản,116392121,Nghệ An,POS,Thành công,
GD000010,KH0087,2024-02-17,16:17,Chuyển khoản,161769824,Đà Nẵng,Internet Banking,Thành công,Trả nợ vay
GD000714,KH0116,2024-02-25,10:37,Chuyển khoản,134824091,Đà Nẵng,ATM,Thành công,Lương tháng 2
GD000810,KH0028,2024-05-04,16:41,Rút tiền,70858725,Cần Thơ,Mobile App,Thành công,
GD000789,KH0030,2024-06-26,16:54,Chuyển khoản,174440511,Thanh Hóa,Internet Banking,Thành công,
GD000963,KH0069,2024-06-23,08:07,Thanh toán hóa đơn,174024293,TP. Hồ Chí Minh,Quầy giao dịch,Thành công,
GD000352,KH0145,2024-01-18,09:53,Rút tiền,116004033,Hải Phòng,Quầy giao dịch,Thành công,
GD000167,KH0089,2024-03-11,15:59,Thanh toán hóa đơn,109339368,Nghệ An,Quầy giao dịch,Thành công,
GD000924,KH0012,2024-04-02,15:03,Mua ngoại tệ,124167966,Hà Nội,,Thành công,
GD000316,KH0169,2024-06-11,10:03,Rút tiền,43953948,Khánh Hòa,ATM,Thành công,
GD000792,KH0186,2024-01-08,17:05,Chuyển khoản,26426628,Khánh Hòa,Quầy giao dịch,Thành công,Mua sắm online
GD000889,KH0146,2024-04-16,15:57,Chuyển khoản,69492067,Thanh Hóa,Internet Banking,Thành công,
GD000332,KH0091,2024-01-12,10:54,Mua ngoại tệ,13585063,Khánh Hòa,Internet Banking,Thành công,Lương tháng 1
GD000142,KH0055,2024-06-18,11:48,Mua ngoại tệ,174345173,TP. Hồ Chí Minh,Mobile App,Thành công,
GD000772,KH0064,2024-01-21,17:44,Chuyển khoản,-1932221,Đà Nẵng,POS,Thành công,
GD000363,KH0159,2024-04-23,08:03,Rút tiền,174990723,Bình Dương,Mobile App,Thành công,Lương tháng 4
GD000865,KH0128,2024-01-05,15:07,Rút tiền,96422642,Nghệ An,Quầy giao dịch,Thành công,Thanh toán tiền điện
GD000394,KH0196,2024-04-07,12:38,Mua ngoại tệ,69116221,Đồng Nai,ATM,Thành công,Thanh toán tiền điện
GD000017,KH0021,2024-03-05,12:08,Nạp tiền,172113753,Đà Nẵng,Mobile App,Thành công,
GD000847,KH0009,2024-05-13,16:47,Rút tiền,76383102,Nghệ An,POS,Thành công,
GD000950,KH0154,2024-01-23,09:30,Nạp tiền,42763813,,Internet Banking,Thành công,
GD000401,KH0026,2024-01-03,08:42,Mua ngoại tệ,56708231,Nghệ An,POS,Thành công,
GD000843,KH0016,2024-06-03,15:00,Nạp tiền,138094483,Nghệ An,ATM,Thành công,
GD000890,KH0142,2024-02-07,12:26,Mua ngoại tệ,60843694,Bình Dương,ATM,Thành công,
GD000983,KH0029,2024-06-11,17:44,Thanh toán hóa đơn,186537880,Bình Dương,Mobile App,Thành công,
GD000731,KH0028,2024-01-01,17:55,Mua ngoại tệ,62375540,Hà Nội,ATM,Thành công,
GD000359,KH0007,2024-02-27,09:58,Rút tiền,16919590,HÀ NỘI,Internet Banking,Thành công,Thanh toán tiền điện
GD000307,KH0197,2024-06-13,09:52,Thanh toán hóa đơn,89364438,Đồng Nai,Mobile App,Thành công,
GD000253,KH0126,2024-04-09,12:31,Mua ngoại tệ,4457250,TP. Hồ Chí Minh,Internet Banking,Thành công,
GD000430,KH0065,2024-02-27,13:27,Rút tiền,117778293,Khánh Hòa,,Thành công,
GD000991,KH0013,2024-02-22,14:10,Rút tiền,83272338,,Mobile App,Thành công,
GD000665,KH0005,2024-06-07,13:23,Chuyển khoản,62773157,TP. Hồ Chí Minh,ATM,Thành công,
GD000516,KH0159,2024-05-23,15:27,Thanh toán hóa đơn,34192944,Nghệ An,Mobile App,Đang xử lý,
GD000472,KH0106,2024-01-27,16:06,Thanh toán hóa đơn,179287075,Cần Thơ,ATM,Thành công,
GD000840,KH0160,2024-01-31,17:04,Chuyển khoản,44292161,TP. Hồ Chí Minh,Quầy giao dịch,Đang xử lý,
GD000852,KH0031,2024-06-14,11:12,Thanh toán hóa đơn,151577744,Thanh Hóa,Internet Banking,Thành công,
GD000456,KH0057,2024-04-10,16:38,Chuyển khoản,84121208,Đồng Nai,Quầy giao dịch,Thành công,
GD000479,KH0162,2024-06-04,13:22,Thanh toán hóa đơn,1396084,,Internet Banking,Đang xử lý,
GD000131,KH0143,20/05/2024,17:39,Nạp tiền,175766770,Khánh Hòa,Internet Banking,Thành công,
GD000589,KH0120,2024-01-08,17:22,Mua ngoại tệ,6333629,Cần Thơ,Mobile App,Thành công,Trả nợ vay
GD000914,KH0109,2024-03-09,14:58,Nạp tiền,24288721,  Hải Phòng  ,ATM,Thành công,
GD000273,KH0171,2024-03-22,15:34,Rút tiền,6740809,Đồng Nai,ATM,Thành công,
GD000103,KH0164,2024-03-15,09:19,Thanh toán hóa đơn,71186577,Hà Nội,Quầy giao dịch,Thành công,
GD000536,KH0162,2024-02-20,08:10,Chuyển khoản,191010116,,Internet Banking,Thành công,
GD000015,KH0007,2024-04-02,16:08,Mua ngoại tệ,106930254,Khánh Hòa,POS,Thành công,
GD000007,KH0140,2024-05-09,08:24,Thanh toán hóa đơn,100257597,Cần Thơ,Internet Banking,Thành công,
GD000172,KH0101,2024-06-24,09:44,Mua ngoại tệ,3222901,Hải Phòng,Quầy giao dịch,Thành công,
GD000380,KH0135,2024-03-25,15:29,Mua ngoại tệ,173539603,Khánh Hòa,Quầy giao dịch,Thành công,Lương tháng 3
GD000659,KH0085,2024-02-15,13:58,Thanh toán hóa đơn,66131604,Thanh Hóa,ATM,Thành công,
GD000784,KH0139,2024-02-12,08:59,Thanh toán hóa đơn,110594134,Bình Dương,Mobile App,Thành công,
GD000098,KH0045,2024-04-06,10:11,Chuyển khoản,105169706,Thanh Hóa,POS,Thành công,
GD000610,KH0054,2024-06-18,13:01,Nạp tiền,149855282,Nghệ An,POS,Thành công,
GD000969,KH0009,2024-04-30,16:29,Chuyển khoản,133686351,Hà Nội,Mobile App,Thành công,Lương tháng 4
GD000494,KH0180,2024-04-13,12:31,Rút tiền,171016331,Cần Thơ,Internet Banking,Thành công,
GD000416,KH0101,2024-05-22,16:31,Chuyển khoản,191645570,Hà Nội,Internet Banking,Thành công,
GD000663,KH0011,2024-06-18,11:49,Rút tiền,3864772,Đà Nẵng,Mobile App,Thành công,Mua sắm online
GD000334,KH0107,2024-01-02,13:18,Mua ngoại tệ,192034968,Đồng Nai,Mobile App,Thành công,
GD000489,KH0062,2024-05-27,12:20,Thanh toán hóa đơn,79569758,Hà Nội,Mobile App,Thành công,
GD000542,KH0033,2024-04-26,09:28,Thanh toán hóa đơn,36776810,Cần Thơ,Quầy giao dịch,Thành công,Mua sắm online
GD000065,KH0164,2024-03-21,17:07,Nạp tiền,46362500,Cần Thơ,Mobile App,Thành công,Trả nợ vay
GD000473,KH0119,2024-04-15,14:00,Nạp tiền,71885781,,ATM,Thành công,Mua sắm online
GD000192,KH0169,2024-05-05,12:03,Nạp tiền,3562774,Hải Phòng,Internet Banking,Thành công,
GD000856,KH0135,2024-05-07,13:08,Mua ngoại tệ,139353214,Hải Phòng,Internet Banking,Thành công,Thanh toán tiền điện
GD000780,KH0136,2024-02-16,08:09,Chuyển khoản,148728987,  Đồng Nai  ,Mobile App,Thành công,
GD000916,KH0004,2024-05-15,16:33,Mua ngoại tệ,183157393,Khánh Hòa,Internet Banking,Thành công,Trả nợ vay
GD000554,KH0152,2024-03-04,15:33,Mua ngoại tệ,132500816,Cần Thơ,,Thành công,
GD000102,KH0185,2024-05-18,11:06,Chuyển khoản,131837924,  Đà Nẵng  ,Internet Banking,Thành công,Thanh toán tiền điện
GD000157,KH0006,03/03/2024,10:08,Mua ngoại tệ,15058765,Đà Nẵng,ATM,Đang xử lý,
GD000232,KH0137,2024-04-28,17:15,Mua ngoại tệ,17782828,Bình Dương,ATM,Thành công,
GD000206,KH0176,2024-03-31,16:17,Chuyển khoản,7959690,Nghệ An,Quầy giao dịch,Thành công,
GD000778,KH0058,2024-04-25,15:24,Nạp tiền,35882573,TP. Hồ Chí Minh,ATM,Thành công,Mua sắm online
GD000604,KH0138,2024-01-14,11:30,Chuyển khoản,26860235,Nghệ An,Quầy giao dịch,Thành công,
GD000159,KH0153,2024-05-31,10:06,Chuyển khoản,135437978,Đồng Nai,Mobile App,Đang xử lý,
GD000892,KH0035,2024-06-02,15:23,Rút tiền,186550009,TP. Hồ Chí Minh,Internet Banking,Thành công,
GD000947,KH0072,2024-06-16,16:47,Chuyển khoản,96660335,Thanh Hóa,Internet Banking,Thành công,
GD000737,KH0018,2024-01-26,16:07,Thanh toán hóa đơn,48079541,Đà Nẵng,Internet Banking,Thành công,
GD000112,KH0073,2024-01-08,17:49,Rút tiền,181967432,Hải Phòng,Internet Banking,Thành công,Thanh toán tiền điện
GD000698,KH0138,2024-01-02,12:17,Mua ngoại tệ,54162807,Thanh Hóa,Quầy giao dịch,Thành công,
GD000566,KH0040,2024-06-29,10:05,Thanh toán hóa đơn,119068377,TP. Hồ Chí Minh,Quầy giao dịch,Thất bại,
GD000445,KH0187,2024-01-04,08:07,Chuyển khoản,11791378,Đà Nẵng,Mobile App,Thất bại,
GD000254,KH0138,2024-02-08,09:02,Rút tiền,-484212,Hải Phòng,Mobile App,Thành công,
GD000108,KH0147,2024-06-04,14:09,Mua ngoại tệ,10460607,Đồng Nai,Mobile App,Thành công,
GD000962,KH0092,2024-02-12,13:46,Mua ngoại tệ,149563553,Cần Thơ,Quầy giao dịch,Thành công,
GD000622,KH0036,2024-06-26,17:51,Rút tiền,99828542,Thanh Hóa,Mobile App,Thành công,
GD000915,KH0198,2024-06-07,08:23,Mua ngoại tệ,147215648,Hải Phòng,POS,Thành công,
GD000413,KH0174,2024-02-13,15:11,Chuyển khoản,90911594,Thanh Hóa,ATM,Thành công,
GD000855,KH0199,2024-05-07,10:57,Thanh toán hóa đơn,156350783,KHÁNH HÒA,ATM,Thành công,
GD000117,KH0079,2024-04-17,12:37,Nạp tiền,14458797,Thanh Hóa,ATM,Thành công,
GD000648,KH0111,2024-06-29,14:13,Thanh toán hóa đơn,81831832,Bình Dương,POS,Thành công,
GD000518,KH0168,08/01/2024,11:21,Chuyển khoản,197047444,Bình Dương,Internet Banking,Thành công,
GD000775,KH0191,2024-01-12,10:13,Nạp tiền,175030457,Hải Phòng,Internet Banking,Thành công,
GD000418,KH0076,2024-06-17,15:44,Nạp tiền,94570721,Thanh Hóa,Internet Banking,Đang xử lý,Thanh toán tiền điện
GD000496,KH0122,29/05/2024,15:07,Chuyển khoản,78073064,Hải Phòng,Mobile App,Thành công,
GD000220,KH0023,2024-05-03,12:27,Mua ngoại tệ,154438688,Thanh Hóa,POS,Thành công,
GD000209,KH0106,2024-04-15,12:09,Rút tiền,164327559,Thanh Hóa,Mobile App,Đang xử lý,Trả nợ vay
GD000395,KH0002,2024-01-04,13:31,Thanh toán hóa đơn,199281180,Bình Dương,POS,Thành công,
GD000514,KH0179,2024-04-25,17:35,Rút tiền,182277146,Cần Thơ,ATM,Thành công,
GD000212,KH0153,2024-05-17,08:33,Chuyển khoản,11435935,Hải Phòng,Internet Banking,Thành công,
GD000745,KH0183,2024-04-22,10:09,Rút tiền,105920785,Hải Phòng,Mobile App,Thành công,Lương tháng 4
GD000734,KH0126,2024-04-21,09:27,Nạp tiền,69805393,Khánh Hòa,POS,Thành công,
GD000233,KH0170,2024-06-20,17:53,Thanh toán hóa đơn,87393016,Nghệ An,Quầy giao dịch,Thành công,
GD000250,KH0168,12/06/2024,14:17,Rút tiền,154303818,TP. Hồ Chí Minh,ATM,Thành công,Thanh toán tiền điện
GD000020,KH0069,2024-04-25,12:24,Mua ngoại tệ,42919051,Bình Dương,Mobile App,Thành công,
GD000469,KH0173,2024-04-14,15:53,Rút tiền,155306899,Hà Nội,Mobile App,Thành công,
GD000694,KH0195,2024-01-09,17:02,Mua ngoại tệ,35447713,Khánh Hòa,Mobile App,Thành công,
GD000660,KH0168,2024-03-10,14:24,Nạp tiền,131104616,Cần Thơ,ATM,Thành công,Chuyển tiền cho người thân
GD000547,KH0126,2024-06-02,12:17,Mua ngoại tệ,109841664,TP. Hồ Chí Minh,Quầy giao dịch,Thành công,Trả nợ vay
GD000408,KH0033,2024-03-21,08:19,Chuyển khoản,104242021,Đồng Nai,Mobile App,Thành công,
GD000462,KH0044,2024-03-16,13:22,Chuyển khoản,123729260,Cần Thơ,ATM,Thành công,Mua sắm online
GD000062,KH0022,2024-01-30,13:19,Nạp tiền,129684461,Bình Dương,ATM,Thành công,
GD000721,KH0068,2024-04-14,13:49,Thanh toán hóa đơn,100359561,Đồng Nai,Mobile App,Thành công,
GD000579,KH0168,2024-02-16,14:43,Thanh toán hóa đơn,113259135,Đà Nẵng,Internet Banking,Thành công,
GD000176,KH0045,2024-03-13,15:49,Thanh toán hóa đơn,76963086,Khánh Hòa,Mobile App,Thành công,
GD000757,KH0024,2024-05-04,08:56,Rút tiền,74638094,Hải Phòng,Internet Banking,Thành công,Trả nợ vay
GD000905,KH0132,2024-01-18,15:32,Nạp tiền,114130948,Bình Dương,Quầy giao dịch,Thành công,
GD000019,KH0117,2024-01-19,14:30,Thanh toán hóa đơn,83958224,Bình Dương,ATM,Thành công,
GD000984,KH0110,2024-03-17,13:39,Nạp tiền,150264095,Thanh Hóa,Quầy giao dịch,Thành công,
GD000934,KH0013,2024-03-31,13:41,Chuyển khoản,17703083,TP. HỒ CHÍ MINH,POS,Thành công,
GD000564,KH0003,2024-02-20,08:37,Nạp tiền,68168269,Nghệ An,Internet Banking,Thành công,
GD000241,KH0145,2024-03-07,10:36,Chuyển khoản,197988957,THANH HÓA,Mobile App,Thành công,
GD000543,KH0071,2024-04-26,09:45,Nạp tiền,27011334,Nghệ An,Internet Banking,Thành công,
GD000726,KH0164,2024-03-04,13:11,Thanh toán hóa đơn,192529349,Cần Thơ,Quầy giao dịch,Thành công,
GD000277,KH0107,2024-04-23,14:46,Thanh toán hóa đơn,23156381,Đà Nẵng,POS,Thành công,Trả nợ vay
GD000703,KH0122,14/02/2024,11:29,Mua ngoại tệ,6105620,Thanh Hóa,Mobile App,Thành công,
GD000747,KH0096,2024-04-30,16:35,Nạp tiền,41818107,Thanh Hóa,POS,Thành công,
GD000048,KH0003,2024-02-25,17:40,Mua ngoại tệ,4272964,TP. Hồ Chí Minh,Internet Banking,Thất bại,
GD000330,KH0120,2024-02-03,14:26,Nạp tiền,43543456,Thanh Hóa,Internet Banking,Thành công,Trả nợ vay
GD000004,KH0116,2024-03-30,14:32,Nạp tiền,100689854,HẢI PHÒNG,Quầy giao dịch,Thành công,
GD000848,KH0057,2024-04-18,15:46,Nạp tiền,1758694,Đà Nẵng,Mobile App,Thành công,
GD000194,KH0143,2024-05-22,17:22,Thanh toán hóa đơn,27994775,Đà Nẵng,POS,Thành công,
GD000406,KH0008,2024-02-11,14:49,Nạp tiền,127906428,Hà Nội,ATM,Thành công,
GD000558,KH0035,2024-02-12,08:20,Thanh toán hóa đơn,1553891,Cần Thơ,Internet Banking,Thành công,Mua sắm online
GD000199,KH0014,2024-03-19,17:09,Nạp tiền,13611308,Đồng Nai,POS,Thành công,Chuyển tiền cho người thân
GD000345,KH0171,2024-06-08,14:21,Mua ngoại tệ,118992731,Cần Thơ,Internet Banking,Thành công,Lương tháng 6
GD000932,KH0069,2024-06-27,08:57,Chuyển khoản,84270820,Thanh Hóa,Internet Banking,Thành công,Chuyển tiền cho người thân
GD000166,KH0168,2024-01-01,12:49,Thanh toán hóa đơn,157374696,Hải Phòng,Internet Banking,Thành công,
GD000202,KH0160,2024-02-07,11:12,Nạp tiền,23085638,Hà Nội,POS,Thất bại,
GD000357,KH0146,2024-02-28,12:12,Chuyển khoản,143110398,Thanh Hóa,,Thành công,
GD000006,KH0017,2024-01-29,16:01,Mua ngoại tệ,78237728,ĐỒNG NAI,POS,Thành công,Lương tháng 1
GD000064,KH0116,2024-05-31,23:13,Nạp tiền,16844328,Thanh Hóa,Mobile App,Thành công,
GD000003,KH0052,2024-06-03,15:55,Nạp tiền,138538371,Hà Nội,Quầy giao dịch,Thành công,
GD000173,KH0157,2024-03-28,11:26,Nạp tiền,121041643,Đà Nẵng,Mobile App,Thành công,
GD000909,KH0116,2024-02-11,09:09,Chuyển khoản,134259454,TP. Hồ Chí Minh,POS,Thành công,
GD000420,KH0019,2024-06-10,11:45,Nạp tiền,137335258,Thanh Hóa,Quầy giao dịch,Đang xử lý,
GD000433,KH0064,2024-06-07,11:17,Chuyển khoản,66448682,Đồng Nai,Internet Banking,Thành công,
GD000443,KH0163,2024-06-03,11:20,Nạp tiền,106206401,Đà Nẵng,ATM,Thành công,Thanh toán tiền điện
GD000225,KH0128,2024-03-01,12:13,Mua ngoại tệ,10088152,Hải Phòng,Internet Banking,Thành công,
GD000059,KH0113,2024-03-15,14:43,Thanh toán hóa đơn,67878723,Đà Nẵng,Internet Banking,Thành công,
GD000021,KH0006,2024-01-24,11:13,Mua ngoại tệ,132897151,,ATM,Thành công,
GD000563,KH0176,2024-01-31,13:11,Chuyển khoản,179912250,Bình Dương,POS,Thành công,
GD000114,KH0096,2024-05-23,12:43,Chuyển khoản,74267907,Bình Dương,Quầy giao dịch,Thành công,
GD000204,KH0066,2024-02-13,17:17,Chuyển khoản,17927209,,Quầy giao dịch,Thành công,
GD000800,KH0006,2024-06-20,14:50,Nạp tiền,142416071,Nghệ An,Mobile App,Thành công,Mua sắm online
GD000165,KH0103,2024-06-06,17:03,Rút tiền,54195375,Nghệ An,POS,Thành công,
GD000668,KH0054,2024-04-13,15:28,Thanh toán hóa đơn,178659818,Đồng Nai,Mobile App,Thành công,
GD000099,KH0061,2024-03-29,09:52,Nạp tiền,67035615,Hà Nội,Internet Banking,Thành công,
GD000540,KH0189,2024-02-23,17:20,Chuyển khoản,77317310,Cần Thơ,Mobile App,Thành công,
GD000590,KH0056,2024-02-24,10:55,Rút tiền,107723892,Nghệ An,ATM,Thành công,
GD000285,KH0111,2024-01-11,16:37,Chuyển khoản,11668289,  Hà Nội  ,Internet Banking,Thành công,Mua sắm online
GD000628,KH0161,2024-05-27,15:39,Nạp tiền,75025416,Nghệ An,Mobile App,Thành công,
GD000609,KH0079,2024-03-26,13:28,Nạp tiền,112020775,TP. Hồ Chí Minh,ATM,Thành công,Thanh toán tiền điện
GD000625,KH0164,2024-01-01,12:08,Nạp tiền,164764564,Hà Nội,POS,Thành công,
GD000603,KH0059,2024-06-25,17:17,Mua ngoại tệ,196903718,Hà Nội,Quầy giao dịch,Thành công,
GD000417,KH0032,2024-01-11,10:05,Mua ngoại tệ,22762411,Hà Nội,POS,Thành công,Lương tháng 1
GD000760,KH0172,2024-05-28,16:14,Chuyển khoản,64200696,ĐỒNG NAI,Internet Banking,Thành công,
GD000458,KH0124,12/01/2024,12:00,Nạp tiền,134325733,Hải Phòng,Quầy giao dịch,Thành công,
GD000630,KH0130,2024-02-16,16:12,Rút tiền,4538037,Hải Phòng,POS,Thành công,
GD000483,KH0092,2024-03-03,13:09,Nạp tiền,2976221,Bình Dương,Quầy giao dịch,Thành công,
GD000093,KH0005,2024-04-07,16:50,Thanh toán hóa đơn,86380029,Đồng Nai,POS,Thành công,
GD000708,KH0036,2024-02-22,14:56,Chuyển khoản,139520700,Hà Nội,POS,Thành công,
GD000582,KH0119,13/03/2024,15:23,Chuyển khoản,67783461,Đồng Nai,Internet Banking,Thất bại,
GD000766,KH0199,2024-05-30,11:53,Thanh toán hóa đơn,86543662,Bình Dương,ATM,Đang xử lý,
GD000498,KH0057,2024-06-17,08:15,Mua ngoại tệ,96531053,Hải Phòng,ATM,Thành công,
GD000885,KH0080,2024-02-08,16:21,Chuyển khoản,95497960,Thanh Hóa,ATM,Đang xử lý,
GD000764,KH0200,2024-05-16,17:17,Chuyển khoản,47401622,Đồng Nai,Quầy giao dịch,Thành công,
GD000985,KH0068,2024-03-15,12:50,Chuyển khoản,32614515,Đồng Nai,Mobile App,Thành công,
GD000545,KH0177,2024-03-08,11:40,Nạp tiền,48385650,Cần Thơ,ATM,Thành công,
GD000260,KH0195,26/04/2024,16:11,Rút tiền,31205984,Hà Nội,POS,Thành công,
GD000895,KH0081,2024-04-18,15:21,Mua ngoại tệ,82868082,,POS,Thành công,
GD000960,KH0062,2024-01-04,10:15,Nạp tiền,31903475,Cần Thơ,Quầy giao dịch,Thành công,Thanh toán tiền điện
GD000292,KH0098,2024-06-03,17:39,Chuyển khoản,139622723,Khánh Hòa,ATM,Thành công,
GD000047,KH0044,2024-03-31,15:11,Mua ngoại tệ,140695258,TP. Hồ Chí Minh,Internet Banking,Thành công,
GD000777,KH0041,2024-01-16,15:33,Nạp tiền,77147330,Đà Nẵng,Internet Banking,Thành công,
GD000740,KH0135,2024-04-14,10:51,Chuyển khoản,98700369,Cần Thơ,ATM,Thành công,Trả nợ vay
GD000860,KH0189,2024-05-10,11:58,Chuyển khoản,22235605,Hải Phòng,POS,Đang xử lý,Thanh toán tiền điện
GD000188,KH0087,2024-06-09,10:44,Mua ngoại tệ,62508120,Bình Dương,Quầy giao dịch,Thành công,
GD000198,KH0148,2024-01-25,17:24,Chuyển khoản,89812037,Bình Dương,Internet Banking,Thành công,Trả nợ vay
GD000077,KH0110,2024-03-21,09:15,Mua ngoại tệ,76532847,TP. Hồ Chí Minh,Quầy giao dịch,Thành công,
GD000184,KH0187,2024-01-03,15:13,Nạp tiền,133837091,Bình Dương,Quầy giao dịch,Thành công,
GD000149,KH0141,2024-04-28,09:16,Chuyển khoản,88862120,Bình Dương,Internet Banking,Thành công,
GD000823,KH0006,2024-04-11,12:04,Rút tiền,23990911,Đà Nẵng,Mobile App,Thành công,
GD000145,KH0085,2024-01-10,12:35,Chuyển khoản,69480283,Đồng Nai,ATM,Thất bại,
GD000626,KH0022,2024-01-25,17:06,Rút tiền,177048115,Cần Thơ,POS,Thành công,Trả nợ vay
GD000115,KH0154,2024-04-13,08:41,Thanh toán hóa đơn,112407871,Đồng Nai,POS,Thành công,
GD000809,KH0102,2024-06-04,08:24,Rút tiền,57187413,Hà Nội,Quầy giao dịch,Thành công,Lương tháng 6
GD000675,KH0051,2024-06-11,09:22,Mua ngoại tệ,166979860,Thanh Hóa,Quầy giao dịch,Thành công,
GD000967,KH0101,2024-02-15,10:36,Thanh toán hóa đơn,193091732,Bình Dương,Mobile App,Thành công,
GD000223,KH0010,2024-06-14,15:57,Mua ngoại tệ,111169678,,Quầy giao dịch,Thành công,
GD000133,KH0028,2024-03-06,14:13,Thanh toán hóa đơn,90763347,Hà Nội,POS,Thành công,
GD000005,KH0036,2024-06-29,09:01,Nạp tiền,195265601,Thanh Hóa,Quầy giao dịch,Thành công,
GD000611,KH0123,2024-05-31,08:49,Thanh toán hóa đơn,130789167,Hải Phòng,ATM,Thành công,
GD000122,KH0010,2024-04-06,16:39,Chuyển khoản,29071482,TP. Hồ Chí Minh,ATM,Thành công,
GD000319,KH0168,2024-06-08,17:08,Rút tiền,76004888,Bình Dương,POS,Thành công,
GD000857,KH0045,2024-01-10,16:31,Mua ngoại tệ,125034089,Nghệ An,ATM,Thành công,
GD000289,KH0105,2024-03-15,09:57,Thanh toán hóa đơn,3482173,Khánh Hòa,POS,Thành công,
GD000935,KH0031,2024-01-01,08:56,Rút tiền,187613823,Cần Thơ,POS,Thành công,
GD000763,KH0139,2024-06-26,10:55,Chuyển khoản,-2109502,Hà Nội,Quầy giao dịch,Thành công,
GD000735,KH0094,2024-01-13,10:05,Mua ngoại tệ,21324949,Nghệ An,Quầy giao dịch,Thành công,
GD000336,KH0039,2024-05-27,16:18,Thanh toán hóa đơn,148658666,Cần Thơ,,Thành công,
GD000534,KH0050,2024-05-27,11:51,Nạp tiền,31031993,Hải Phòng,ATM,Thành công,
GD000322,KH0183,2024-02-09,16:05,Nạp tiền,128257824,Cần Thơ,Quầy giao dịch,Thành công,Chuyển tiền cho người thân
GD000822,KH0036,2024-04-13,10:38,Rút tiền,24764723,Khánh Hòa,ATM,Thành công,Mua sắm online
GD000492,KH0116,2024-03-31,09:22,Thanh toán hóa đơn,115704992,Nghệ An,Quầy giao dịch,Thành công,
GD000538,KH0190,2024-04-21,10:46,Rút tiền,136784039,  Hà Nội  ,POS,Thành công,
GD000654,KH0087,2024-04-26,14:50,Thanh toán hóa đơn,17622747,Bình Dương,ATM,Thành công,
GD000453,KH0031,2024-06-27,08:44,Thanh toán hóa đơn,177954879,Thanh Hóa,,Thành công,
GD000869,KH0028,2024-02-05,14:00,Chuyển khoản,31862175,Nghệ An,ATM,Thành công,Thanh toán tiền điện
GD000920,KH0185,2024-04-03,16:22,Nạp tiền,12229301,Bình Dương,Internet Banking,Thành công,
GD000584,KH0188,2024-05-14,13:23,Chuyển khoản,171262021,Hà Nội,Internet Banking,Thành công,Mua sắm online
GD000774,KH0181,2024-04-17,08:07,Thanh toán hóa đơn,185619421,Đà Nẵng,POS,Thành công,
GD000968,KH0059,2024-06-28,17:38,Rút tiền,1280804804,Khánh Hòa,Mobile App,Thành công,
GD000808,KH0006,2024-03-27,14:27,Chuyển khoản,34620848,  Đồng Nai  ,Internet Banking,Thành công,
GD000001,KH0076,2024-01-26,16:02,Nạp tiền,160372121,Đồng Nai,POS,Thành công,
GD000690,KH0187,2024-03-09,11:50,Nạp tiền,15893397,Khánh Hòa,Quầy giao dịch,Thành công,
GD000137,KH0004,2024-05-13,08:42,Chuyển khoản,43250764,Cần Thơ,Internet Banking,Thành công,
GD000008,KH0086,04/02/2024,10:53,Thanh toán hóa đơn,48979876,Đà Nẵng,,Thành công,
GD000317,KH0185,2024-02-07,12:11,Rút tiền,151245568,Thanh Hóa,Internet Banking,Thành công,
GD000399,KH0002,2024-02-13,22:49,Thanh toán hóa đơn,196824526,Đồng Nai,Mobile App,Thành công,
GD000060,KH0178,2024-04-17,13:44,Mua ngoại tệ,29408631,Hải Phòng,POS,Thành công,
GD000551,KH0190,2024-03-10,16:46,Thanh toán hóa đơn,145460936,Thanh Hóa,POS,Thành công,
GD000570,KH0072,2024-02-05,11:17,Rút tiền,187299343,Khánh Hòa,POS,Thành công,
GD000269,KH0032,2024-04-30,16:57,Nạp tiền,180789330,Hà Nội,Internet Banking,Thành công,Mua sắm online
GD000335,KH0105,2024-04-27,13:01,Thanh toán hóa đơn,-4439835,Hà Nội,Mobile App,Đang xử lý,
GD000544,KH0057,2024-06-21,15:52,Rút tiền,53354024,Hà Nội,,Thành công,Trả nợ vay
GD000976,KH0097,2024-05-31,15:35,Thanh toán hóa đơn,128136763,  TP. Hồ Chí Minh  ,Mobile App,Đang xử lý,
GD000597,KH0193,2024-01-29,13:09,Rút tiền,26121982,Bình Dương,ATM,Thành công,
GD000990,KH0121,2024-01-01,09:59,Mua ngoại tệ,70136204,Bình Dương,Quầy giao dịch,Thành công,
GD000009,KH0080,2024-05-11,15:16,Chuyển khoản,95874525,TP. Hồ Chí Minh,Internet Banking,Thành công,
GD000306,KH0180,2024-04-02,16:55,Rút tiền,105538575,Cần Thơ,Mobile App,Thành công,
GD000825,KH0097,2024-02-01,16:18,Nạp tiền,45333336,Thanh Hóa,ATM,Thành công,
GD000917,KH0097,2024-01-06,08:05,Rút tiền,96285906,Khánh Hòa,POS,Thành công,Chuyển tiền cho người thân
GD000549,KH0024,2024-06-29,16:04,Chuyển khoản,53318281,Đà Nẵng,Mobile App,Thành công,
GD000428,KH0075,2024-03-17,08:47,Mua ngoại tệ,172646921,Nghệ An,ATM,Thất bại,
GD000557,KH0174,2024-03-10,13:36,Rút tiền,54934807,Thanh Hóa,POS,Thành công,
GD000446,KH0139,2024-03-27,10:30,Mua ngoại tệ,82563030,Bình Dương,POS,Thành công,Mua sắm online
GD000997,KH0056,2024-03-10,10:02,Rút tiền,156152647,TP. Hồ Chí Minh,Mobile App,Thành công,
GD000787,KH0028,2024-01-22,10:26,Chuyển khoản,44661068,Cần Thơ,POS,Thành công,
GD000769,KH0128,2024-03-19,08:18,Nạp tiền,36939668,Nghệ An,Quầy giao dịch,Thành công,Lương tháng 3
GD000729,KH0003,2024-01-29,12:18,Thanh toán hóa đơn,162094094,Thanh Hóa,Quầy giao dịch,Thành công,
GD000953,KH0010,2024-04-22,11:43,Nạp tiền,60372743,  Thanh Hóa  ,POS,Thành công,Chuyển tiền cho người thân
GD000679,KH0189,2024-03-28,10:37,Thanh toán hóa đơn,178542955,Hà Nội,Mobile App,Thành công,
GD000524,KH0060,2024-03-19,13:46,Rút tiền,118236066,Khánh Hòa,Internet Banking,Thành công,Lương tháng 3
GD000812,KH0145,2024-05-28,12:36,Rút tiền,121680234,Cần Thơ,POS,Thành công,
GD000768,KH0164,2024-03-22,14:18,Chuyển khoản,80635697,Đà Nẵng,Mobile App,Thành công,
GD000382,KH0127,2024-04-15,13:04,Chuyển khoản,110134324,Khánh Hòa,Internet Banking,Thành công,
GD000079,KH0019,2024-01-05,11:02,Chuyển khoản,76953482,Nghệ An,ATM,Thành công,
GD000178,KH0033,2024-03-01,09:13,Rút tiền,127069844,Nghệ An,POS,Thành công,
GD000097,KH0170,2024-04-11,13:08,Rút tiền,171651656,Khánh Hòa,POS,Thành công,
GD000833,KH0140,2024-05-09,08:44,Thanh toán hóa đơn,63207741,Nghệ An,Mobile App,Thành công,
GD000182,KH0112,2024-04-11,14:53,Thanh toán hóa đơn,167908869,Hải Phòng,POS,Thành công,
GD000923,KH0198,05/04/2024,13:35,Chuyển khoản,325332,Thanh Hóa,Internet Banking,Thành công,
GD000658,KH0055,2024-01-26,11:45,Nạp tiền,55545524,  Thanh Hóa  ,ATM,Thất bại,
GD000066,KH0108,2024-06-01,10:31,Mua ngoại tệ,46552362,Nghệ An,Mobile App,Thành công,Thanh toán tiền điện
GD000161,KH0090,2024-05-30,17:06,Thanh toán hóa đơn,62464702,,ATM,Thất bại,
GD000722,KH0166,2024-06-11,12:31,Chuyển khoản,17856390,,Mobile App,Thành công,
GD000230,KH0120,2024-05-25,15:06,Thanh toán hóa đơn,124978938,Khánh Hòa,POS,Thành công,
GD000548,KH0187,2024-02-26,12:28,Thanh toán hóa đơn,143934921,Hải Phòng,POS,Thành công,Trả nợ vay
GD000588,KH0191,2024-05-07,14:16,Thanh toán hóa đơn,21151312,Khánh Hòa,Mobile App,Thành công,
GD000280,KH0067,2024-06-09,09:23,Mua ngoại tệ,-2277155,Đà Nẵng,ATM,Thành công,
GD000045,KH0073,2024-04-07,12:16,Nạp tiền,26519944,Khánh Hòa,Mobile App,Thành công,Mua sắm online
GD000042,KH0089,2024-06-13,13:44,Thanh toán hóa đơn,49409637,Nghệ An,Quầy giao dịch,Thành công,
GD000779,KH0134,2024-03-06,16:51,Nạp tiền,-4857648,Hà Nội,Mobile App,Thành công,
GD000552,KH0132,2024-01-06,09:16,Mua ngoại tệ,25031246,Hải Phòng,ATM,Thành công,
GD000671,KH0034,2024-05-04,17:33,Chuyển khoản,23068356,TP. HỒ CHÍ MINH,Internet Banking,Thành công,
GD000229,KH0173,2024-01-13,14:25,Rút tiền,169022251,Khánh Hòa,Mobile App,Thành công,
GD000110,KH0096,2024-01-15,12:45,Mua ngoại tệ,140787008,THANH HÓA,Mobile App,Thành công,
GD000742,KH0034,2024-04-16,10:57,Chuyển khoản,124896489,Đồng Nai,Internet Banking,Thành công,
GD000210,KH0035,2024-05-08,13:11,Thanh toán hóa đơn,51927791,Hải Phòng,Internet Banking,Thành công,
GD000937,KH0110,2024-05-20,15:30,Nạp tiền,64913645,Khánh Hòa,Mobile App,Thành công,
GD000100,KH0097,2024-03-30,15:50,Mua ngoại tệ,43712774,Khánh Hòa,,Thành công,
GD000348,KH0040,2024-03-19,08:39,Nạp tiền,80050298,Đồng Nai,Quầy giao dịch,Thành công,
GD000565,KH0071,2024-06-09,08:55,Thanh toán hóa đơn,131664035,,POS,Đang xử lý,
GD000820,KH0020,2024-01-21,13:52,Chuyển khoản,141733557,TP. Hồ Chí Minh,Quầy giao dịch,Thành công,
GD000817,KH0088,2024-01-08,10:25,Mua ngoại tệ,39405931,Đồng Nai,POS,Thành công,
GD000028,KH0144,2024-03-11,16:24,Thanh toán hóa đơn,39369385,Cần Thơ,Internet Banking,Thành công,
GD000527,KH0133,2024-03-07,11:08,Chuyển khoản,73706763,Hà Nội,Quầy giao dịch,Thành công,
GD000886,KH0200,2024-02-26,16:14,Mua ngoại tệ,69449043,Đồng Nai,POS,Thành công,Mua sắm online
GD000266,KH0161,2024-04-28,03:04,Thanh toán hóa đơn,8831645,Cần Thơ,POS,Thành công,
GD000680,KH0001,2024-04-20,08:45,Chuyển khoản,51761026,Khánh Hòa,ATM,Thành công,
GD000344,KH0018,2024-01-12,17:28,Nạp tiền,193332518,Thanh Hóa,ATM,Thành công,Lương tháng 1
GD000078,KH0062,2024-05-06,17:04,Mua ngoại tệ,-3129111,Bình Dương,POS,Thành công,
GD000943,KH0002,2024-02-16,10:06,Mua ngoại tệ,94692729,Nghệ An,ATM,Thành công,
GD000442,KH0068,2024-02-04,13:03,Chuyển khoản,75128660,  Đà Nẵng  ,POS,Thành công,
GD000834,KH0098,2024-01-20,15:31,Mua ngoại tệ,40293059,Thanh Hóa,ATM,Thành công,
GD000185,KH0140,2024-04-30,12:52,Thanh toán hóa đơn,191896129,,Mobile App,Thành công,
GD000977,KH0167,2024-05-07,09:09,Nạp tiền,65454543,Đồng Nai,ATM,Thành công,
GD000828,KH0063,2024-01-30,13:26,Chuyển khoản,120750195,TP. Hồ Chí Minh,POS,Thành công,
GD000304,KH0085,2024-05-29,11:59,Thanh toán hóa đơn,57524349,Cần Thơ,POS,Thành công,
GD000741,KH0199,2024-06-12,17:50,Rút tiền,65680263,ĐÀ NẴNG,ATM,Thành công,
GD000638,KH0031,2024-03-02,17:26,Thanh toán hóa đơn,173751488,Khánh Hòa,,Thành công,
GD000973,KH0018,2024-06-14,14:43,Thanh toán hóa đơn,1744609,Khánh Hòa,POS,Thành công,Chuyển tiền cho người thân
GD000419,KH0035,2024-06-03,12:08,Mua ngoại tệ,70024262,Đồng Nai,ATM,Thành công,
GD000942,KH0046,2024-01-03,13:22,Mua ngoại tệ,124434210,TP. Hồ Chí Minh,ATM,Thành công,
GD000978,KH0056,2024-01-19,15:14,Chuyển khoản,49811031,Đà Nẵng,Internet Banking,Thành công,
GD000738,KH0015,2024-04-10,10:54,Rút tiền,98617042,Thanh Hóa,ATM,Thành công,
GD000685,KH0108,2024-01-07,14:55,Rút tiền,-1549383,Đà Nẵng,,Thành công,
GD000475,KH0082,2024-05-12,10:32,Chuyển khoản,168444494,Cần Thơ,Quầy giao dịch,Thành công,
GD000251,KH0001,2024-04-08,15:07,Mua ngoại tệ,89557041,Cần Thơ,Internet Banking,Thành công,
GD000447,KH0027,2024-05-10,08:58,Rút tiền,39611081,Bình Dương,ATM,Thành công,
GD000873,KH0150,2024-01-17,15:01,Chuyển khoản,111398106,Đồng Nai,,Thành công,
GD000412,KH0182,2024-03-18,10:28,Thanh toán hóa đơn,58605563,  Hải Phòng  ,POS,Thành công,
GD000596,KH0137,2024-01-07,08:18,Thanh toán hóa đơn,10762308,Bình Dương,ATM,Thành công,
GD000718,KH0042,2024-01-23,15:42,Mua ngoại tệ,17986556,Đà Nẵng,Internet Banking,Thành công,Chuyển tiền cho người thân
GD000681,KH0016,2024-04-23,23:12,Nạp tiền,50877069,Hà Nội,Mobile App,Thành công,
GD000776,KH0032,2024-04-04,16:43,Nạp tiền,170520358,Đà Nẵng,Mobile App,Thành công,
GD000324,KH0077,2024-03-21,15:39,Nạp tiền,50298899,Hải Phòng,POS,Thất bại,
GD000981,KH0001,2024-02-05,14:19,Nạp tiền,133304529,Đồng Nai,ATM,Thành công,
GD000944,KH0129,2024-04-21,16:35,Chuyển khoản,152783076,Khánh Hòa,Internet Banking,Thành công,
GD000156,KH0113,2024-02-12,12:13,Rút tiền,192599479,Hà Nội,Quầy giao dịch,Thành công,Trả nợ vay
GD000044,KH0186,2024-06-20,13:19,Chuyển khoản,199088235,Hà Nội,Mobile App,Thành công,
GD000224,KH0091,2024-01-17,08:21,Thanh toán hóa đơn,153321716,Thanh Hóa,Quầy giao dịch,Đang xử lý,
GD000421,KH0020,2024-03-10,16:26,Chuyển khoản,89577881,Cần Thơ,,Thành công,Chuyển tiền cho người thân
GD000788,KH0116,2024-02-10,17:13,Thanh toán hóa đơn,119524123,Cần Thơ,Internet Banking,Thành công,Lương tháng 2
GD000331,KH0127,2024-03-18,08:22,Nạp tiền,135201588,TP. Hồ Chí Minh,Internet Banking,Thành công,
GD000896,KH0104,2024-04-07,10:49,Thanh toán hóa đơn,29148053,Đồng Nai,Quầy giao dịch,Thành công,Thanh toán tiền điện
GD000120,KH0005,22/06/2024,11:44,Nạp tiền,135163356,Thanh Hóa,Internet Banking,Thành công,
GD000293,KH0196,2024-01-09,09:24,Thanh toán hóa đơn,123438033,TP. Hồ Chí Minh,Quầy giao dịch,Thành công,
GD000607,KH0114,2024-03-28,10:12,Chuyển khoản,134745454,Cần Thơ,Internet Banking,Thành công,
GD000992,KH0130,2024-06-26,16:53,Chuyển khoản,174835065,Bình Dương,POS,Thành công,
GD000162,KH0134,2024-01-02,13:26,Nạp tiền,157184113,Cần Thơ,POS,Thành công,
GD000743,KH0123,2024-01-18,16:10,Chuyển khoản,190935801,Nghệ An,Mobile App,Thành công,
GD000587,KH0005,2024-06-30,12:46,Mua ngoại tệ,170445488,Thanh Hóa,,Thành công,
GD000378,KH0073,2024-02-22,09:29,Chuyển khoản,-2841162,Đồng Nai,Mobile App,Thành công,
GD000670,KH0133,2024-04-20,11:24,Mua ngoại tệ,182755268,Thanh Hóa,POS,Thành công,
GD000029,KH0138,2024-03-10,10:06,Mua ngoại tệ,13677240,Nghệ An,Internet Banking,Thành công,Lương tháng 3
GD000138,KH0027,2024-06-06,11:47,Mua ngoại tệ,186915571,Cần Thơ,ATM,Thành công,
GD000620,KH0126,2024-06-03,14:12,Rút tiền,96648775,Khánh Hòa,,Thành công,Mua sắm online
GD000829,KH0180,2024-01-16,11:57,Thanh toán hóa đơn,4200503,Bình Dương,Mobile App,Thành công,
GD000971,KH0034,2024-02-07,11:44,Rút tiền,191195071,NGHỆ AN,POS,Thành công,
GD000086,KH0163,2024-06-26,08:48,Thanh toán hóa đơn,27953602,Hải Phòng,ATM,Thành công,Thanh toán tiền điện
GD000556,KH0192,2024-02-01,09:02,Thanh toán hóa đơn,140868313,Khánh Hòa,ATM,Thành công,
GD000897,KH0031,2024-02-14,15:27,Thanh toán hóa đơn,107755995,Đà Nẵng,,Thành công,Lương tháng 2
GD000409,KH0118,2024-03-21,11:31,Thanh toán hóa đơn,178653719,TP. Hồ Chí Minh,Internet Banking,Thành công,
GD000083,KH0173,2024-01-30,08:54,Chuyển khoản,102855269,Đà Nẵng,Internet Banking,Thành công,
GD000429,KH0077,2024-03-31,10:25,Nạp tiền,1425144150,Khánh Hòa,Mobile App,Đang xử lý,
GD000018,KH0008,21/01/2024,17:16,Rút tiền,171577893,TP. Hồ Chí Minh,Quầy giao dịch,Thành công,
GD000158,KH0170,2024-03-13,17:30,Thanh toán hóa đơn,161336415,Đà Nẵng,Mobile App,Thành công,
GD000581,KH0096,2024-05-01,13:07,Rút tiền,102987432,Hà Nội,POS,Thành công,
GD000368,KH0044,2024-05-14,14:56,Chuyển khoản,35159929,Hải Phòng,Quầy giao dịch,Thành công,
GD000957,KH0095,2024-04-29,17:43,Nạp tiền,107793719,Thanh Hóa,Quầy giao dịch,Thành công,Thanh toán tiền điện
GD000175,KH0016,2024-02-25,09:28,Nạp tiền,149700480,Cần Thơ,Quầy giao dịch,Thành công,
GD000814,KH0027,16/03/2024,12:36,Mua ngoại tệ,47059398,Hải Phòng,Mobile App,Thành công,
GD000327,KH0125,30/04/2024,11:12,Nạp tiền,13719319,BÌNH DƯƠNG,ATM,Thành công,
GD000486,KH0186,2024-03-18,14:05,Mua ngoại tệ,12686001,Đồng Nai,ATM,Thành công,
GD000510,KH0166,2024-06-15,08:58,Nạp tiền,194146354,Khánh Hòa,Quầy giao dịch,Thành công,
GD000464,KH0190,2024-03-03,10:54,Chuyển khoản,107231020,Hà Nội,Internet Banking,Thành công,Thanh toán tiền điện
GD000190,KH0116,2024-03-16,15:00,Mua ngoại tệ,5075072,Thanh Hóa,Mobile App,Thành công,Trả nợ vay
GD000275,KH0115,2024-04-01,11:37,Mua ngoại tệ,74655506,HẢI PHÒNG,ATM,Thành công,
GD000239,KH0146,2024-05-03,15:44,Chuyển khoản,75056334,Khánh Hòa,POS,Thành công,Lương tháng 5
GD000425,KH0024,2024-06-11,09:10,Mua ngoại tệ,148806131,  Khánh Hòa  ,ATM,Thành công,
GD000325,KH0004,2024-02-13,14:55,Mua ngoại tệ,165606179,Bình Dương,ATM,Thành công,
GD000759,KH0012,2024-03-13,09:30,Thanh toán hóa đơn,163462891,Thanh Hóa,POS,Thành công,
GD000982,KH0089,2024-04-19,13:02,Chuyển khoản,187694864,Hải Phòng,ATM,Thành công,
GD000164,KH0087,2024-05-20,08:10,Thanh toán hóa đơn,-864106,Đà Nẵng,Internet Banking,Thành công,
GD000215,KH0135,2024-06-30,16:39,Rút tiền,45921587,Bình Dương,Mobile App,Thành công,
GD000674,KH0150,2024-05-26,15:42,Mua ngoại tệ,22869834,Bình Dương,Quầy giao dịch,Thành công,
GD000650,KH0187,2024-01-31,14:36,Thanh toán hóa đơn,127397810,Đà Nẵng,Quầy giao dịch,Thành công,Trả nợ vay
GD000438,KH0052,2024-05-16,11:26,Mua ngoại tệ,150466746,Bình Dương,Internet Banking,Thành công,
GD000407,KH0154,2024-01-17,14:41,Mua ngoại tệ,62694096,Hải Phòng,Internet Banking,Thành công,Mua sắm online
GD000961,KH0107,2024-01-30,12:13,Chuyển khoản,176622945,Khánh Hòa,,Thành công,
GD000719,KH0131,2024-01-04,17:33,Chuyển khoản,85822964,Hải Phòng,Mobile App,Thành công,
GD000639,KH0007,2024-02-25,13:06,Nạp tiền,195754847,Khánh Hòa,Quầy giao dịch,Thành công,
GD000264,KH0152,2024-02-08,14:02,Chuyển khoản,135399541,TP. Hồ Chí Minh,Internet Banking,Thất bại,
GD000509,KH0052,2024-05-01,09:37,Thanh toán hóa đơn,103617978,Hà Nội,,Thất bại,
GD000459,KH0026,2024-05-08,17:50,Thanh toán hóa đơn,10091711,Cần Thơ,Internet Banking,Thành công,
GD000699,KH0172,2024-05-11,09:02,Thanh toán hóa đơn,55235817,Hải Phòng,Quầy giao dịch,Thành công,
GD000807,KH0156,2024-06-03,15:17,Nạp tiền,68540589,TP. Hồ Chí Minh,Quầy giao dịch,Thành công,
GD000195,KH0081,2024-05-20,13:26,Thanh toán hóa đơn,64668469,Thanh Hóa,POS,Thành công,
GD000321,KH0025,2024-04-04,14:30,Nạp tiền,113473736,Bình Dương,ATM,Thành công,
GD000900,KH0195,2024-05-02,17:46,Thanh toán hóa đơn,123853579,Nghệ An,Mobile App,Thành công,Lương tháng 5
GD000627,KH0096,2024-06-18,08:47,Thanh toán hóa đơn,48951550,TP. Hồ Chí Minh,Mobile App,Thành công,
GD000074,KH0065,2024-01-22,10:03,Thanh toán hóa đơn,62902508,Đồng Nai,Internet Banking,Thành công,
GD000358,KH0083,2024-04-20,09:43,Mua ngoại tệ,11717458,,POS,Thành công,
GD000701,KH0123,2024-05-23,11:04,Mua ngoại tệ,-361724,  Thanh Hóa  ,Quầy giao dịch,Thành công,Chuyển tiền cho người thân
GD000520,KH0059,2024-01-06,11:34,Mua ngoại tệ,198134850,TP. Hồ Chí Minh,ATM,Thành công,
GD000785,KH0116,2024-05-22,09:40,Mua ngoại tệ,46239212,Đà Nẵng,Mobile App,Thành công,
GD000387,KH0028,2024-04-01,13:00,Thanh toán hóa đơn,176670249,Cần Thơ,Internet Banking,Thành công,
GD000700,KH0014,2024-06-14,12:13,Mua ngoại tệ,-1617659,Bình Dương,ATM,Thành công,
GD000014,KH0023,2024-06-23,13:45,Chuyển khoản,80569007,Đà Nẵng,Mobile App,Thành công,Trả nợ vay
GD000384,KH0042,2024-02-13,10:18,Chuyển khoản,20876645,TP. Hồ Chí Minh,Quầy giao dịch,Thành công,
GD000881,KH0016,2024-01-07,15:20,Thanh toán hóa đơn,48322739,Hải Phòng,POS,Thành công,
GD000011,KH0090,24/04/2024,13:39,Thanh toán hóa đơn,15446939,Hà Nội,POS,Thành công,
GD000171,KH0139,2024-01-11,13:31,Mua ngoại tệ,137256391,Cần Thơ,Mobile App,Thành công,
GD000824,KH0119,2024-01-03,10:43,Chuyển khoản,102009718,Hà Nội,POS,Thành công,
GD000959,KH0147,2024-03-26,12:32,Chuyển khoản,107182846,Thanh Hóa,Quầy giao dịch,Thành công,
GD000476,KH0008,2024-06-07,09:36,Thanh toán hóa đơn,121840846,Bình Dương,Mobile App,Thành công,
GD000278,KH0164,2024-03-10,17:48,Rút tiền,77752177,Nghệ An,Quầy giao dịch,Thành công,Chuyển tiền cho người thân
GD000013,KH0030,2024-01-07,14:58,Mua ngoại tệ,189038711,Khánh Hòa,ATM,Thành công,
GD000339,KH0161,2024-05-09,09:28,Nạp tiền,-2943572,Hải Phòng,POS,Thành công,
GD000595,KH0041,2024-03-03,08:47,Chuyển khoản,139574029,Khánh Hòa,ATM,Thành công,
GD000614,KH0006,2024-02-05,14:51,Thanh toán hóa đơn,16232995,Nghệ An,Internet Banking,Thành công,
GD000521,KH0158,2024-04-04,08:15,Rút tiền,-3565044,Nghệ An,Internet Banking,Thành công,
GD000512,KH0199,2024-06-17,13:37,Mua ngoại tệ,108437219,Hà Nội,Mobile App,Thành công,
GD000532,KH0012,2024-03-15,08:06,Mua ngoại tệ,192187500,Nghệ An,Mobile App,Thành công,
GD000861,KH0030,2024-02-23,15:26,Thanh toán hóa đơn,30964614,Thanh Hóa,Internet Banking,Thành công,Chuyển tiền cho người thân
GD000515,KH0172,2024-01-25,08:23,Thanh toán hóa đơn,91508997,Đà Nẵng,POS,Thành công,
GD000313,KH0183,2024-04-08,12:04,Chuyển khoản,63089769,Khánh Hòa,POS,Đang xử lý,
GD000019,KH0117,2024-01-19,14:30,Thanh toán hóa đơn,83958224,Bình Dương,ATM,Thành công,
GD000854,KH0139,2024-02-22,12:26,Chuyển khoản,197917783,,Quầy giao dịch,Thành công,
GD000899,KH0092,2024-04-23,12:28,Rút tiền,70681332,Đà Nẵng,Mobile App,Thành công,
GD000454,KH0107,2024-02-08,10:47,Mua ngoại tệ,110517224,Bình Dương,Internet Banking,Thành công,
GD000310,KH0147,27/02/2024,16:41,Mua ngoại tệ,124181235,Hải Phòng,Internet Banking,Thành công,
GD000302,KH0010,2024-02-21,12:50,Nạp tiền,11386664,Khánh Hòa,Internet Banking,Thành công,
GD000956,KH0118,2024-02-17,13:34,Rút tiền,54356339,TP. Hồ Chí Minh,Internet Banking,Thành công,Mua sắm online
GD000208,KH0135,2024-02-04,10:41,Mua ngoại tệ,149659897,Nghệ An,Quầy giao dịch,Đang xử lý,
GD000201,KH0019,2024-03-09,17:05,Chuyển khoản,93548179,Hải Phòng,Internet Banking,Thành công,
GD000837,KH0076,2024-02-17,10:43,Mua ngoại tệ,105111706,Hải Phòng,POS,Thành công,
GD000553,KH0187,2024-04-10,09:28,Rút tiền,-2047126,Khánh Hòa,Quầy giao dịch,Thành công,Trả nợ vay
GD000709,KH0030,2024-03-24,16:59,Thanh toán hóa đơn,58856537,Thanh Hóa,Internet Banking,Thành công,
GD000002,KH0061,2024-04-23,15:14,Mua ngoại tệ,125950416,Hải Phòng,ATM,Thành công,
GD000754,KH0061,2024-03-20,15:09,Rút tiền,31649723,Đà Nẵng,Mobile App,Thành công,
GD000758,KH0198,2024-05-08,16:17,Mua ngoại tệ,158557861,Thanh Hóa,Internet Banking,Thành công,
GD000200,KH0122,2024-05-26,12:05,Thanh toán hóa đơn,35047318,Đà Nẵng,ATM,Thành công,
GD000931,KH0025,2024-06-02,13:51,Nạp tiền,104488865,TP. Hồ Chí Minh,Internet Banking,Thành công,
GD000197,KH0092,2024-02-09,17:15,Rút tiền,153188981,Đồng Nai,Internet Banking,Thành công,
GD000871,KH0086,2024-01-21,12:23,Mua ngoại tệ,53601405,Đồng Nai,,Thành công,
GD000392,KH0018,2024-02-19,11:08,Chuyển khoản,54911049,Hải Phòng,ATM,Thành công,
GD000662,KH0023,2024-05-22,16:02,Thanh toán hóa đơn,10258936,Đồng Nai,Internet Banking,Thành công,
GD000901,KH0178,2024-02-29,13:51,Nạp tiền,115272498,Cần Thơ,ATM,Thành công,Thanh toán tiền điện
GD000606,KH0064,2024-03-28,12:40,Thanh toán hóa đơn,48953647,KHÁNH HÒA,POS,Thành công,
GD000267,KH0189,2024-01-15,13:56,Chuyển khoản,166247370,TP. Hồ Chí Minh,POS,Thành công,
GD000831,KH0102,2024-04-26,16:37,Mua ngoại tệ,115466796,Thanh Hóa,POS,Thành công,
GD000702,KH0095,2024-02-25,13:04,Nạp tiền,-393540,Hà Nội,Mobile App,Thành công,
GD000329,KH0030,2024-05-06,15:44,Thanh toán hóa đơn,51643643,Khánh Hòa,Mobile App,Thành công,
GD000696,KH0062,2024-01-15,08:41,Rút tiền,62505709,Đà Nẵng,Quầy giao dịch,Thất bại,
GD000386,KH0087,2024-02-19,09:51,Rút tiền,137623199,Hà Nội,Mobile App,Thành công,
GD000181,KH0001,2024-05-13,13:18,Thanh toán hóa đơn,132101896,Khánh Hòa,Quầy giao dịch,Thành công,
GD000385,KH0013,2024-06-11,09:24,Nạp tiền,13113329,Đồng Nai,Quầy giao dịch,Đang xử lý,Chuyển tiền cho người thân
GD000116,KH0122,2024-06-20,10:53,Mua ngoại tệ,34394743,Cần Thơ,Mobile App,Thành công,
GD000148,KH0022,2024-03-19,13:13,Thanh toán hóa đơn,38290004,Đà Nẵng,Quầy giao dịch,Thành công,
GD000154,KH0017,2024-03-08,11:33,Nạp tiền,12515460,TP. Hồ Chí Minh,POS,Thành công,
GD000297,KH0147,2024-04-09,15:06,Rút tiền,179200483,Bình Dương,ATM,Thành công,
GD000878,KH0044,2024-01-28,10:42,Chuyển khoản,69706715,Hà Nội,POS,Thành công,
GD000370,KH0193,2024-06-14,16:29,Rút tiền,186481021,Khánh Hòa,Quầy giao dịch,Thành công,
GD000022,KH0094,2024-04-13,17:35,Rút tiền,103759722,Nghệ An,POS,Thành công,
GD000168,KH0148,2024-03-05,17:30,Rút tiền,123221187,Khánh Hòa,ATM,Thành công,
GD000187,KH0084,2024-01-04,09:25,Rút tiền,590180074,Thanh Hóa,POS,Thành công,
GD000006,KH0017,2024-01-29,16:01,Mua ngoại tệ,78237728,ĐỒNG NAI,POS,Thành công,Lương tháng 1
GD000571,KH0044,2024-01-10,10:34,Mua ngoại tệ,93176038,Cần Thơ,POS,Thành công,
GD000226,KH0135,2024-03-20,09:52,Mua ngoại tệ,194550449,TP. Hồ Chí Minh,POS,Đang xử lý,
GD000256,KH0055,2024-01-12,09:17,Rút tiền,99351615,Nghệ An,POS,Thành công,
GD000261,KH0029,2024-03-24,14:55,Rút tiền,126480484,Thanh Hóa,Mobile App,Thành công,
GD000767,KH0096,2024-06-15,08:20,Thanh toán hóa đơn,159674739,Nghệ An,Mobile App,Thành công,Chuyển tiền cho người thân
GD000398,KH0043,2024-04-19,16:42,Thanh toán hóa đơn,195377616,Hà Nội,Quầy giao dịch,Thành công,
GD000505,KH0076,2024-01-14,14:42,Chuyển khoản,139101788,Khánh Hòa,Quầy giao dịch,Thành công,
GD000928,KH0115,2024-02-19,12:57,Nạp tiền,146927806,Cần Thơ,Mobile App,Thành công,
GD000146,KH0017,29/05/2024,13:59,Mua ngoại tệ,80943214,Thanh Hóa,ATM,Đang xử lý,Thanh toán tiền điện
GD000180,KH0035,2024-06-27,15:40,Mua ngoại tệ,143336587,Cần Thơ,Mobile App,Thành công,
GD000177,KH0019,2024-01-21,13:41,Nạp tiền,106204231,Cần Thơ,Quầy giao dịch,Thành công,
GD000105,KH0122,2024-03-17,08:32,Mua ngoại tệ,181924384,Thanh Hóa,ATM,Thành công,Trả nợ vay
GD000506,KH0124,2024-06-25,17:43,Mua ngoại tệ,55096568,Nghệ An,ATM,Thành công,
GD000113,KH0154,2024-01-03,12:45,Nạp tiền,93655912,Khánh Hòa,POS,Thành công,
GD000783,KH0003,2024-05-30,17:56,Thanh toán hóa đơn,63591224,Thanh Hóa,POS,Thành công,
GD000919,KH0025,2024-05-18,16:09,Nạp tiền,108179272,Đà Nẵng,Mobile App,Thành công,Mua sắm online
GD000908,KH0027,2024-03-11,12:24,Rút tiền,195712439,Thanh Hóa,Quầy giao dịch,Thành công,
GD000753,KH0041,2024-06-13,15:38,Rút tiền,90957708,Đà Nẵng,Quầy giao dịch,Thành công,
GD000326,KH0179,2024-02-18,10:41,Rút tiền,144624648,,Mobile App,Thành công,
GD000993,KH0168,2024-01-23,15:56,Nạp tiền,10127033,Cần Thơ,Mobile App,Thành công,Lương tháng 1
GD000183,KH0106,2024-02-18,12:07,Thanh toán hóa đơn,167219195,,Internet Banking,Thành công,Trả nợ vay
GD000364,KH0169,2024-06-22,16:54,Chuyển khoản,53836922,Hải Phòng,ATM,Thành công,
GD000712,KH0158,31/05/2024,08:31,Nạp tiền,127180357,Đồng Nai,ATM,Thành công,
GD000258,KH0184,2024-05-07,12:22,Thanh toán hóa đơn,1006030917,Hải Phòng,Internet Banking,Thành công,
GD000633,KH0036,2024-02-06,11:25,Rút tiền,51957713,Hải Phòng,Quầy giao dịch,Thành công,
GD000635,KH0194,2024-03-28,08:24,Nạp tiền,157078990,Đà Nẵng,ATM,Thành công,
GD000602,KH0052,2024-04-03,09:21,Mua ngoại tệ,143596899,Nghệ An,Internet Banking,Thành công,Thanh toán tiền điện
GD000107,KH0151,2024-05-13,10:09,Mua ngoại tệ,26948304,Hà Nội,Quầy giao dịch,Thành công,
GD000361,KH0016,2024-04-23,14:04,Chuyển khoản,79216116,Đồng Nai,ATM,Thất bại,
GD000155,KH0097,2024-06-16,09:33,Nạp tiền,138662495,Đồng Nai,ATM,Đang xử lý,
GD000613,KH0075,25/06/2024,09:55,Nạp tiền,119729363,Hải Phòng,ATM,Thành công,
GD000231,KH0084,2024-04-26,09:22,Thanh toán hóa đơn,93630744,Thanh Hóa,ATM,Thành công,
GD000955,KH0153,2024-06-24,14:09,Rút tiền,190965533,Hà Nội,ATM,Thành công,Mua sắm online
GD000645,KH0100,2024-03-07,12:27,Nạp tiền,63053361,Bình Dương,Mobile App,Thành công,
GD000818,KH0004,2024-05-23,10:49,Rút tiền,90473150,Hà Nội,Quầy giao dịch,Thành công,
GD000037,KH0173,2024-03-19,08:47,Rút tiền,92533763,Hà Nội,Internet Banking,Thành công,Trả nợ vay
GD000711,KH0054,2024-02-17,09:16,Thanh toán hóa đơn,96019511,ĐỒNG NAI,Quầy giao dịch,Thành công,
GD000299,KH0130,2024-03-17,11:26,Thanh toán hóa đơn,180320580,  Nghệ An  ,POS,Thành công,
GD000497,KH0090,2024-05-19,13:29,Chuyển khoản,89637344,Nghệ An,POS,Thành công,Trả nợ vay
GD000845,KH0162,2024-03-27,13:50,Nạp tiền,77368169,Đà Nẵng,POS,Thành công,
GD000884,KH0149,2024-06-17,12:40,Chuyển khoản,188494651,Cần Thơ,POS,Thành công,
GD000051,KH0011,2024-02-28,17:30,Nạp tiền,75312056,Nghệ An,,Thành công,
GD000876,KH0107,2024-04-07,09:26,Thanh toán hóa đơn,130229230,Cần Thơ,POS,Thành công,Lương tháng 4
GD000466,KH0082,25/05/2024,14:03,Nạp tiền,57339718,TP. Hồ Chí Minh,ATM,Thành công,
GD000076,KH0037,2024-01-18,03:10,Thanh toán hóa đơn,40684183,Đồng Nai,Mobile App,Thành công,
GD000921,KH0182,27/05/2024,09:40,Thanh toán hóa đơn,91900865,Đồng Nai,Mobile App,Thành công,Thanh toán tiền điện
GD001000,KH0130,2024-02-07,11:28,Mua ngoại tệ,50061368,Hà Nội,Internet Banking,Thành công,
GD000913,KH0005,2024-04-27,10:00,Nạp tiền,88479075,Thanh Hóa,,Thành công,
GD000939,KH0101,2024-02-17,12:11,Mua ngoại tệ,153778199,Đà Nẵng,Quầy giao dịch,Thành công,Trả nợ vay
GD000686,KH0041,2024-03-18,12:14,Rút tiền,116243963,Đồng Nai,Internet Banking,Thành công,
GD000052,KH0020,2024-03-17,14:43,Mua ngoại tệ,37617700,Hà Nội,Internet Banking,Thành công,
GD000629,KH0172,2024-03-28,13:27,Chuyển khoản,61018417,Khánh Hòa,Quầy giao dịch,Thành công,
GD000761,KH0129,2024-06-12,08:31,Mua ngoại tệ,77240531,Hà Nội,ATM,Thành công,
GD000941,KH0117,2024-03-26,16:50,Mua ngoại tệ,49997260,Hà Nội,ATM,Thành công,
GD000827,KH0151,2024-05-17,11:16,Mua ngoại tệ,153734611,Nghệ An,POS,Thành công,
GD000426,KH0174,2024-05-16,17:12,Chuyển khoản,92676506,Hải Phòng,POS,Thành công,
GD000567,KH0082,2024-06-30,13:33,Chuyển khoản,179290382,TP. Hồ Chí Minh,POS,Thành công,
GD000705,KH0001,15/06/2024,14:35,Thanh toán hóa đơn,199370296,TP. Hồ Chí Minh,Quầy giao dịch,Thành công,
