MaKH,HoTen,GioiTinh,Tuoi,NgheNghiep,NhomKH,Email,SoDienThoai
KH0001,Phạm Văn Ích,Nam,34,Giáo viên,Cá nhân thường,kh0001@email.com,0983197857
KH0002,Lê Bảo Oanh,Nam,21,Kinh doanh tự do,Cá nhân VIP,kh0002@email.com,0941227216
KH0003,Tạ Bảo An,Nam,65,Luật sư,Doanh nghiệp lớn,kh0003@email.com,0939587039
KH0004,Dương Bảo Ích,Nam,68,Giáo viên,Doanh nghiệp lớn,kh0004@email.com,0955667651
KH0005,Võ Hoàng Giang,Nữ,26,Kinh doanh tự do,Doanh nghiệp lớn,kh0005@email.com,0922981052
KH0006,Đỗ Đức Vinh,Nữ,22,Nội trợ,Cá nhân thường,kh0006@email.com,0960806024
KH0007,Lê Thùy Kim,Nữ,56,Bác sĩ,Cá nhân thường,kh0007@email.com,0916150444
KH0008,Vũ Thanh Cường,Nam,26,Hưu trí,Doanh nghiệp nhỏ,kh0008@email.com,0970855700
KH0009,Đỗ Hoàng Minh,Nữ,33,Kỹ sư,Cá nhân thường,kh0009@email.com,0991756179
KH0010,Huỳnh Thùy Hải,Nam,49,Hưu trí,Doanh nghiệp nhỏ,kh0010@email.com,0995899313
KH0011,Mai Minh Lan,Nam,34,Nhân viên văn phòng,Doanh nghiệp nhỏ,kh0011@email.com,0963843426
KH0012,Võ Thị Giang,Nữ,33,Nội trợ,Doanh nghiệp lớn,kh0012@email.com,0996282117
KH0013,Dương Hoàng Ích,Nam,35,Luật sư,Doanh nghiệp nhỏ,kh0013@email.com,0988461803
KH0014,Ngô Bảo Nam,Nữ,34,Giáo viên,Doanh nghiệp lớn,kh0014@email.com,0922201654
KH0015,Trần Thị Em,Nam,70,Hưu trí,Cá nhân thường,kh0015@email.com,0961642594
KH0016,Hồ Bảo Phong,Nữ,55,Nhân viên văn phòng,Cá nhân thường,kh0016@email.com,0982070937
KH0017,Võ Đức Dung,Nữ,47,Giáo viên,Doanh nghiệp lớn,kh0017@email.com,0910435578
KH0018,Võ Thùy Phúc,Nam,60,Kỹ sư,Cá nhân VIP,kh0018@email.com,0930513739
KH0019,Đỗ Hoàng Tâm,Nam,58,Sinh viên,Doanh nghiệp lớn,kh0019@email.com,0912614124
KH0020,Phạm Đức Kim,Nam,23,Bác sĩ,Cá nhân thường,kh0020@email.com,0921496211
KH0021,Lý Thị Tâm,Nam,28,Nội trợ,Cá nhân VIP,kh0021@email.com,0945575298
KH0022,Tạ Bảo Oanh,Nam,54,Bác sĩ,Doanh nghiệp nhỏ,kh0022@email.com,0963551839
KH0023,Đỗ Quốc Sơn,Nữ,27,Bác sĩ,Cá nhân VIP,kh0023@email.com,0918593410
KH0024,Bùi Văn Uyên,Nam,57,Bác sĩ,Cá nhân thường,kh0024@email.com,0919528530
KH0025,Trần Minh Cường,Nam,41,Kinh doanh tự do,Cá nhân VIP,kh0025@email.com,0947376585
KH0026,Lý Minh Tâm,Nam,66,Nông dân,Doanh nghiệp lớn,kh0026@email.com,0942614537
KH0027,Lý Ngọc Giang,Nam,26,Hưu trí,Doanh nghiệp nhỏ,kh0027@email.com,0966851760
KH0028,Ngô Quốc Bình,Nam,23,Hưu trí,Doanh nghiệp nhỏ,kh0028@email.com,0924665841
KH0029,Vũ Minh Giang,Nữ,28,Hưu trí,Cá nhân VIP,kh0029@email.com,0947385696
KH0030,Dương Minh Cường,Nữ,55,Kinh doanh tự do,Cá nhân thường,kh0030@email.com,0997529405
KH0031,Mai Văn Cường,Nam,30,Hưu trí,Doanh nghiệp lớn,kh0031@email.com,0974606833
KH0032,Phan Ngọc Bình,Nam,44,Nhân viên văn phòng,Doanh nghiệp lớn,kh0032@email.com,0945594951
KH0033,Dương Thanh Oanh,Nữ,29,Bác sĩ,Doanh nghiệp nhỏ,kh0033@email.com,0939219319
KH0034,Trần Bảo Tâm,Nam,67,Sinh viên,Cá nhân thường,kh0034@email.com,0916729990
KH0035,Tô Quốc Sơn,Nam,23,Luật sư,Cá nhân thường,kh0035@email.com,0934941004
KH0036,Lê Bảo Cường,Nam,45,Kinh doanh tự do,Cá nhân VIP,kh0036@email.com,0987701200
KH0037,Lương Văn Vinh,Nam,46,Nông dân,Doanh nghiệp nhỏ,kh0037@email.com,0944999379
KH0038,Phan Đức Hải,Nữ,45,Giáo viên,Doanh nghiệp nhỏ,kh0038@email.com,0971367643
KH0039,Bùi Thị An,Nữ,59,Nông dân,Cá nhân thường,kh0039@email.com,0919832887
KH0040,Mai Minh Sơn,Nữ,28,Sinh viên,Cá nhân thường,kh0040@email.com,0942787299
KH0041,Đỗ Thanh Phúc,Nữ,54,Kỹ sư,Cá nhân thường,kh0041@email.com,0999639081
KH0042,Mai Thanh Dung,Nam,36,Kinh doanh tự do,Cá nhân thường,kh0042@email.com,0984252420
KH0043,Hoàng Thanh Kim,Nam,65,Sinh viên,Cá nhân VIP,kh0043@email.com,0995125977
KH0044,Võ Thùy Quân,Nữ,23,Kinh doanh tự do,Doanh nghiệp lớn,kh0044@email.com,0947135391
KH0045,Trần Văn Lan,Nam,60,Kỹ sư,Cá nhân VIP,kh0045@email.com,0969302158
KH0046,Mai Ngọc Tâm,Nam,27,Kinh doanh tự do,Cá nhân VIP,kh0046@email.com,0983227889
KH0047,Trần Đức Uyên,Nam,47,Giáo viên,Cá nhân thường,kh0047@email.com,0951373735
KH0048,Đỗ Văn Minh,Nam,63,Bác sĩ,Cá nhân thường,kh0048@email.com,0957469942
KH0049,Mai Ngọc Vinh,Nam,35,Giáo viên,Cá nhân VIP,kh0049@email.com,0965337219
KH0050,Nguyễn Hoàng Lan,Nữ,62,Bác sĩ,Doanh nghiệp nhỏ,kh0050@email.com,0931367172
KH0051,Phạm Ngọc Bình,Nữ,34,Bác sĩ,Doanh nghiệp lớn,kh0051@email.com,0956930359
KH0052,Đặng Minh Hải,Nam,62,Bác sĩ,Doanh nghiệp lớn,kh0052@email.com,0954058573
KH0053,Võ Thị Ích,Nữ,61,Luật sư,Doanh nghiệp lớn,kh0053@email.com,0981969657
KH0054,Bùi Văn Dung,Nữ,31,Nông dân,Doanh nghiệp nhỏ,kh0054@email.com,0915134794
KH0055,Phạm Bảo Oanh,Nữ,66,Sinh viên,Doanh nghiệp lớn,kh0055@email.com,0991363974
KH0056,Tạ Thị Nam,Nam,36,Nhân viên văn phòng,Doanh nghiệp lớn,kh0056@email.com,0910226999
KH0057,Tạ Thùy Giang,Nữ,47,Kinh doanh tự do,Doanh nghiệp nhỏ,kh0057@email.com,0993638503
KH0058,Bùi Thị Kim,Nữ,62,Hưu trí,Doanh nghiệp nhỏ,kh0058@email.com,0964009265
KH0059,Đặng Thùy Em,Nam,46,Hưu trí,Cá nhân VIP,kh0059@email.com,0992613013
KH0060,Tô Thanh Nam,Nam,39,Kỹ sư,Cá nhân VIP,kh0060@email.com,0967698610
KH0061,Tô Bảo Lan,Nữ,48,Nội trợ,Cá nhân VIP,kh0061@email.com,0978608612
KH0062,Lý Hoàng Cường,Nữ,52,Nông dân,Doanh nghiệp nhỏ,kh0062@email.com,0922534217
KH0063,Vũ Thanh Hải,Nam,29,Nhân viên văn phòng,Cá nhân thường,kh0063@email.com,0942862209
KH0064,Lý Bảo Cường,Nữ,46,Nông dân,Cá nhân VIP,kh0064@email.com,0961536717
KH0065,Lý Ngọc Hải,Nam,61,Nhân viên văn phòng,Cá nhân thường,kh0065@email.com,0967062156
KH0066,Vũ Hoàng Sơn,Nữ,23,Luật sư,Cá nhân VIP,kh0066@email.com,0926288475
KH0067,Dương Hoàng Phong,Nữ,68,Nội trợ,Doanh nghiệp lớn,kh0067@email.com,0983534128
KH0068,Dương Hoàng Quân,Nữ,36,Bác sĩ,Doanh nghiệp nhỏ,kh0068@email.com,0979967676
KH0069,Lý Minh Ích,Nữ,24,Kỹ sư,Cá nhân VIP,kh0069@email.com,0946468984
KH0070,Bùi Đức Tâm,Nam,28,Giáo viên,Cá nhân VIP,kh0070@email.com,0961410126
KH0071,Hoàng Minh Cường,Nữ,46,Sinh viên,Doanh nghiệp lớn,kh0071@email.com,0965804273
KH0072,Trần Minh Oanh,Nữ,69,Nông dân,Cá nhân thường,kh0072@email.com,0987267850
KH0073,Hồ Quốc An,Nữ,39,Hưu trí,Doanh nghiệp lớn,kh0073@email.com,0982238741
KH0074,Mai Bảo Hải,Nữ,34,Kỹ sư,Doanh nghiệp lớn,kh0074@email.com,0975181765
KH0075,Nguyễn Ngọc Lan,Nữ,66,Giáo viên,Doanh nghiệp lớn,kh0075@email.com,0927129912
KH0076,Lương Thùy An,Nữ,57,Nông dân,Cá nhân thường,kh0076@email.com,0921267237
KH0077,Ngô Hoàng Phong,Nam,23,Kỹ sư,Doanh nghiệp lớn,kh0077@email.com,0953936531
KH0078,Phan Quốc Lan,Nữ,68,Hưu trí,Doanh nghiệp nhỏ,kh0078@email.com,0966581473
KH0079,Võ Thị Quân,Nam,67,Luật sư,Cá nhân thường,kh0079@email.com,0956970882
KH0080,Vũ Thị Bình,Nam,35,Bác sĩ,Cá nhân thường,kh0080@email.com,0993394260
KH0081,Hoàng Minh Em,Nữ,62,Kinh doanh tự do,Cá nhân VIP,kh0081@email.com,0972415804
KH0082,Võ Đức Phúc,Nam,69,Giáo viên,Doanh nghiệp nhỏ,kh0082@email.com,0924508768
KH0083,Tô Văn Kim,Nữ,45,Bác sĩ,Cá nhân thường,kh0083@email.com,0989470029
KH0084,Vũ Thị Kim,Nam,70,Nông dân,Cá nhân thường,kh0084@email.com,0956600900
KH0085,Mai Ngọc Minh,Nam,52,Sinh viên,Cá nhân thường,kh0085@email.com,0966379329
KH0086,Lý Thị Oanh,Nữ,60,Nội trợ,Cá nhân VIP,kh0086@email.com,0968450095
KH0087,Huỳnh Thùy Ích,Nữ,49,Hưu trí,Doanh nghiệp nhỏ,kh0087@email.com,0953258988
KH0088,Vũ Thị Ích,Nữ,35,Nội trợ,Doanh nghiệp lớn,kh0088@email.com,0955150390
KH0089,Nguyễn Quốc Lan,Nam,51,Bác sĩ,Doanh nghiệp nhỏ,kh0089@email.com,0944675473
KH0090,Bùi Thanh Vinh,Nữ,55,Nhân viên văn phòng,Cá nhân VIP,kh0090@email.com,0921490777
KH0091,Vũ Ngọc Quân,Nam,64,Nội trợ,Doanh nghiệp lớn,kh0091@email.com,0970152969
KH0092,Nguyễn Thị Kim,Nam,45,Bác sĩ,Doanh nghiệp nhỏ,kh0092@email.com,0999115205
KH0093,Tô Đức Quân,Nữ,47,Luật sư,Doanh nghiệp nhỏ,kh0093@email.com,0957219209
KH0094,Dương Thanh Kim,Nữ,34,Kinh doanh tự do,Cá nhân VIP,kh0094@email.com,0952352128
KH0095,Phạm Thùy Phúc,Nam,33,Nội trợ,Doanh nghiệp nhỏ,kh0095@email.com,0989133014
KH0096,Tạ Bảo Kim,Nam,32,Kỹ sư,Cá nhân VIP,kh0096@email.com,0958436637
KH0097,Huỳnh Thanh An,Nam,37,Nhân viên văn phòng,Cá nhân thường,kh0097@email.com,0984270583
KH0098,Đặng Hoàng Quân,Nam,20,Nông dân,Doanh nghiệp nhỏ,kh0098@email.com,0973001391
KH0099,Lý Quốc Lan,Nam,23,Kỹ sư,Doanh nghiệp lớn,kh0099@email.com,0925312516
KH0100,Lê Ngọc Quân,Nam,56,Nhân viên văn phòng,Cá nhân VIP,kh0100@email.com,0930024960
KH0101,Tô Thanh Cường,Nam,27,Luật sư,Doanh nghiệp lớn,kh0101@email.com,0991378577
KH0102,Lương Bảo Hải,Nữ,48,Nội trợ,Doanh nghiệp nhỏ,kh0102@email.com,0988990506
KH0103,Ngô Thanh Uyên,Nam,59,Kinh doanh tự do,Cá nhân VIP,kh0103@email.com,0993955206
KH0104,Phan Thanh Cường,Nam,35,Giáo viên,Cá nhân thường,kh0104@email.com,0931009452
KH0105,Nguyễn Ngọc Phong,Nữ,38,Nhân viên văn phòng,Cá nhân VIP,kh0105@email.com,0948668783
KH0106,Đặng Quốc Cường,Nam,36,Nông dân,Cá nhân VIP,kh0106@email.com,0967061186
KH0107,Phạm Thùy Hải,Nam,37,Giáo viên,Cá nhân thường,kh0107@email.com,0918004482
KH0108,Huỳnh Thanh Vinh,Nữ,48,Kinh doanh tự do,Doanh nghiệp lớn,kh0108@email.com,0950814428
KH0109,Hồ Thanh Sơn,Nữ,48,Kinh doanh tự do,Cá nhân thường,kh0109@email.com,0967985905
KH0110,Bùi Bảo Ích,Nam,25,Bác sĩ,Cá nhân thường,kh0110@email.com,0946173157
KH0111,Tô Văn Phúc,Nữ,53,Nội trợ,Doanh nghiệp nhỏ,kh0111@email.com,0934359060
KH0112,Tô Ngọc Quân,Nam,50,Sinh viên,Doanh nghiệp lớn,kh0112@email.com,0954735895
KH0113,Bùi Thị Phúc,Nữ,46,Nội trợ,Doanh nghiệp nhỏ,kh0113@email.com,0998930456
KH0114,Hồ Thùy Bình,Nữ,25,Sinh viên,Doanh nghiệp nhỏ,kh0114@email.com,0953389073
KH0115,Phạm Ngọc Sơn,Nam,62,Luật sư,Doanh nghiệp lớn,kh0115@email.com,0965465150
KH0116,Trần Minh Sơn,Nữ,59,Nội trợ,Doanh nghiệp lớn,kh0116@email.com,0916927215
KH0117,Phan Thanh Tâm,Nam,38,Nội trợ,Doanh nghiệp lớn,kh0117@email.com,0926297533
KH0118,Nguyễn Bảo Hải,Nam,39,Luật sư,Cá nhân thường,kh0118@email.com,0984121929
KH0119,Ngô Thị Hải,Nam,49,Kinh doanh tự do,Cá nhân VIP,kh0119@email.com,0976890827
KH0120,Đặng Thùy Ích,Nữ,50,Nội trợ,Cá nhân VIP,kh0120@email.com,0971308842
KH0121,Mai Hoàng Nam,Nam,58,Luật sư,Cá nhân VIP,kh0121@email.com,0919369750
KH0122,Võ Ngọc Lan,Nữ,20,Kỹ sư,Doanh nghiệp nhỏ,kh0122@email.com,0988777447
KH0123,Tô Quốc Em,Nữ,54,Nội trợ,Doanh nghiệp nhỏ,kh0123@email.com,0954619335
KH0124,Mai Thùy Nam,Nữ,40,Bác sĩ,Cá nhân VIP,kh0124@email.com,0986745380
KH0125,Hồ Minh Oanh,Nam,40,Nội trợ,Doanh nghiệp lớn,kh0125@email.com,0961818612
KH0126,Hoàng Quốc Bình,Nam,52,Nông dân,Doanh nghiệp nhỏ,kh0126@email.com,0923470708
KH0127,Dương Thị Sơn,Nữ,20,Giáo viên,Doanh nghiệp lớn,kh0127@email.com,0997883261
KH0128,Hoàng Thị Quân,Nữ,41,Nông dân,Doanh nghiệp lớn,kh0128@email.com,0997219599
KH0129,Lê Đức Tâm,Nữ,40,Nội trợ,Cá nhân thường,kh0129@email.com,0992874006
KH0130,Lê Minh Kim,Nam,67,Kinh doanh tự do,Doanh nghiệp lớn,kh0130@email.com,0923212812
KH0131,Phạm Quốc Phúc,Nữ,21,Nhân viên văn phòng,Doanh nghiệp nhỏ,kh0131@email.com,0917532195
KH0132,Đặng Đức Minh,Nữ,29,Bác sĩ,Doanh nghiệp lớn,kh0132@email.com,0985957578
KH0133,Huỳnh Hoàng Phúc,Nam,59,Hưu trí,Cá nhân VIP,kh0133@email.com,0976795767
KH0134,Tô Hoàng Hải,Nữ,60,Kỹ sư,Doanh nghiệp lớn,kh0134@email.com,0944269370
KH0135,Nguyễn Quốc Kim,Nam,24,Nội trợ,Doanh nghiệp nhỏ,kh0135@email.com,0988862539
KH0136,Đặng Ngọc Ích,Nữ,39,Bác sĩ,Doanh nghiệp lớn,kh0136@email.com,0974855088
KH0137,Phạm Minh Nam,Nữ,56,Kỹ sư,Doanh nghiệp nhỏ,kh0137@email.com,0912944682
KH0138,Hồ Thanh An,Nam,58,Nội trợ,Doanh nghiệp nhỏ,kh0138@email.com,0940885967
KH0139,Lương Đức Hải,Nam,59,Kỹ sư,Cá nhân VIP,kh0139@email.com,0994322033
KH0140,Phạm Văn Kim,Nữ,22,Nông dân,Doanh nghiệp nhỏ,kh0140@email.com,0927637794
KH0141,Lê Thanh Lan,Nữ,31,Bác sĩ,Cá nhân VIP,kh0141@email.com,0982398083
KH0142,Đỗ Thùy Sơn,Nữ,30,Kỹ sư,Doanh nghiệp lớn,kh0142@email.com,0949613214
KH0143,Bùi Thị Phong,Nam,29,Bác sĩ,Doanh nghiệp lớn,kh0143@email.com,0984801233
KH0144,Đỗ Thị Nam,Nam,36,Luật sư,Cá nhân thường,kh0144@email.com,0971040347
KH0145,Đỗ Thanh Uyên,Nữ,60,Sinh viên,Cá nhân thường,kh0145@email.com,0941383044
KH0146,Lý Văn Vinh,Nữ,59,Bác sĩ,Cá nhân thường,kh0146@email.com,0995282470
KH0147,Dương Thanh Oanh,Nam,28,Nhân viên văn phòng,Cá nhân thường,kh0147@email.com,0950851122
KH0148,Lý Thị Dung,Nam,54,Giáo viên,Doanh nghiệp lớn,kh0148@email.com,0970887034
KH0149,Đỗ Thùy Oanh,Nam,46,Kinh doanh tự do,Doanh nghiệp lớn,kh0149@email.com,0992631441
KH0150,Ngô Thanh Bình,Nữ,33,Nội trợ,Doanh nghiệp lớn,kh0150@email.com,0941690501
KH0151,Đỗ Thị Minh,Nữ,23,Hưu trí,Doanh nghiệp nhỏ,kh0151@email.com,0935475673
KH0152,Phạm Quốc Cường,Nam,61,Nông dân,Cá nhân thường,kh0152@email.com,0916788532
KH0153,Bùi Minh Em,Nam,24,Luật sư,Cá nhân VIP,kh0153@email.com,0988703005
KH0154,Phan Minh Lan,Nam,70,Nông dân,Cá nhân thường,kh0154@email.com,0947215199
KH0155,Hoàng Hoàng Tâm,Nữ,31,Kinh doanh tự do,Cá nhân thường,kh0155@email.com,0927690330
KH0156,Nguyễn Đức Hải,Nữ,21,Giáo viên,Doanh nghiệp nhỏ,kh0156@email.com,0917032877
KH0157,Hoàng Ngọc Sơn,Nam,67,Kinh doanh tự do,Doanh nghiệp lớn,kh0157@email.com,0970166480
KH0158,Đỗ Thùy Uyên,Nam,48,Luật sư,Cá nhân VIP,kh0158@email.com,0992558242
KH0159,Trần Thùy Kim,Nữ,61,Nhân viên văn phòng,Cá nhân thường,kh0159@email.com,0974287863
KH0160,Hồ Ngọc Dung,Nữ,65,Nội trợ,Cá nhân thường,kh0160@email.com,0920843514
KH0161,Bùi Bảo Em,Nam,28,Kỹ sư,Doanh nghiệp nhỏ,kh0161@email.com,0961124122
KH0162,Lương Thùy Kim,Nữ,52,Nông dân,Doanh nghiệp lớn,kh0162@email.com,0923311507
KH0163,Phạm Thùy Giang,Nữ,48,Bác sĩ,Doanh nghiệp lớn,kh0163@email.com,0955490631
KH0164,Dương Ngọc Oanh,Nam,40,Hưu trí,Doanh nghiệp nhỏ,kh0164@email.com,0999269266
KH0165,Võ Đức Em,Nữ,24,Kinh doanh tự do,Cá nhân thường,kh0165@email.com,0922513132
KH0166,Ngô Thị Minh,Nam,55,Nhân viên văn phòng,Doanh nghiệp nhỏ,kh0166@email.com,0999927658
KH0167,Phạm Ngọc Minh,Nữ,66,Nhân viên văn phòng,Doanh nghiệp nhỏ,kh0167@email.com,0990585678
KH0168,Đặng Đức Dung,Nam,29,Nội trợ,Cá nhân VIP,kh0168@email.com,0924524825
KH0169,Đỗ Thùy Minh,Nam,68,Kỹ sư,Cá nhân VIP,kh0169@email.com,0967594492
KH0170,Mai Bảo Vinh,Nam,58,Kỹ sư,Cá nhân thường,kh0170@email.com,0934215035
KH0171,Võ Thanh Lan,Nữ,20,Giáo viên,Cá nhân VIP,kh0171@email.com,0986010330
KH0172,Hồ Thị Em,Nam,25,Luật sư,Cá nhân VIP,kh0172@email.com,0960491958
KH0173,Ngô Quốc Lan,Nam,43,Kỹ sư,Doanh nghiệp nhỏ,kh0173@email.com,0986181117
KH0174,Lương Thị Bình,Nam,30,Nông dân,Cá nhân thường,kh0174@email.com,0920949687
KH0175,Võ Quốc Oanh,Nữ,58,Nội trợ,Doanh nghiệp lớn,kh0175@email.com,0946663833
KH0176,Phan Thùy Dung,Nữ,47,Kinh doanh tự do,Doanh nghiệp nhỏ,kh0176@email.com,0989609131
KH0177,Lý Thùy Kim,Nam,34,Hưu trí,Cá nhân thường,kh0177@email.com,0911031743
KH0178,Phan Thanh Giang,Nam,68,Kỹ sư,Doanh nghiệp nhỏ,kh0178@email.com,0954039837
KH0179,Phạm Văn Quân,Nữ,31,Giáo viên,Doanh nghiệp lớn,kh0179@email.com,0981481992
KH0180,Vũ Thùy Tâm,Nữ,24,Hưu trí,Cá nhân thường,kh0180@email.com,0968548403
KH0181,Nguyễn Quốc Cường,Nữ,56,Hưu trí,Doanh nghiệp lớn,kh0181@email.com,0995918360
KH0182,Ngô Thanh Dung,Nữ,21,Sinh viên,Cá nhân VIP,kh0182@email.com,0992963368
KH0183,Dương Đức Cường,Nữ,26,Bác sĩ,Doanh nghiệp lớn,kh0183@email.com,0989036966
KH0184,Hồ Thùy Cường,Nữ,39,Sinh viên,Cá nhân VIP,kh0184@email.com,0954703713
KH0185,Huỳnh Thị Sơn,Nam,53,Luật sư,Cá nhân VIP,kh0185@email.com,0956892354
KH0186,Đỗ Hoàng Hải,Nam,29,Kỹ sư,Cá nhân VIP,kh0186@email.com,0933286644
KH0187,Lương Hoàng Cường,Nam,69,Nội trợ,Doanh nghiệp lớn,kh0187@email.com,0985663295
KH0188,Tô Quốc Uyên,Nữ,60,Sinh viên,Cá nhân VIP,kh0188@email.com,0969023966
KH0189,Lê Quốc Phong,Nữ,70,Kỹ sư,Cá nhân thường,kh0189@email.com,0957236885
KH0190,Tạ Thị Kim,Nữ,48,Nhân viên văn phòng,Cá nhân thường,kh0190@email.com,0959491122
KH0191,Đặng Thị Cường,Nữ,49,Nông dân,Cá nhân thường,kh0191@email.com,0970362235
KH0192,Tô Minh Lan,Nữ,52,Giáo viên,Cá nhân thường,kh0192@email.com,0970468188
KH0193,Phạm Đức Cường,Nam,22,Bác sĩ,Doanh nghiệp lớn,kh0193@email.com,0968978194
KH0194,Tạ Thùy Vinh,Nam,43,Sinh viên,Doanh nghiệp nhỏ,kh0194@email.com,0961998170
KH0195,Ngô Đức Vinh,Nam,70,Sinh viên,Cá nhân thường,kh0195@email.com,0954250344
KH0196,Phạm Thùy Nam,Nữ,36,Nông dân,Cá nhân VIP,kh0196@email.com,0954743095
KH0197,Lê Bảo Em,Nữ,39,Hưu trí,Cá nhân VIP,kh0197@email.com,0989865081
KH0198,Lê Thanh Tâm,Nữ,61,Sinh viên,Cá nhân VIP,kh0198@email.com,0999941500
KH0199,Tạ Thị Oanh,Nữ,21,Sinh viên,Doanh nghiệp nhỏ,kh0199@email.com,0934194479
KH0200,Phan Đức Quân,Nam,34,Giáo viên,Cá nhân VIP,kh0200@email.com,0920356922
